arm,net,end_a,end_a_layer,end_b,end_b_layer,length_mm,region_a,region_b,open_in_observed_passes,open_after_passes,net_open_in_observed_passes,final_site_0.40_0.70_mm,input_site_0.40_0.70_mm,cause,flag,note
a6,/+1V0_S3,C346.1,B.Cu,L303.2,F.Cu,15.74,S3 core,S3 core,2 of 12,1 12,12 of 12,"C346.1:0.776,None / L303.2:0.05,0.05","C346.1:0.05,0.05 / L303.2:0.05,0.05",congestion,,
a6,/+1V0_S3,"track-end@(188.2,131.4)",F.Cu,TP30.1,F.Cu,119.773,S3 margin,S2 core,12 of 12,1 2 3 4 5 6 7 8 9 10 11 12,12 of 12,,,keep-out,,
a6,/+1V1_S3,"track-end@(189.5,137.2)",In3.Cu,C374.1,B.Cu,6.184,S3 margin,S3 margin,12 of 12,1 2 3 4 5 6 7 8 9 10 11 12,12 of 12,"C374.1:0.424,0.566","C374.1:0.391,0.532",congestion,,"C374 (+1V1_S3, the hub's rail) sits on B.Cu at (186.3, 132.6), under U301's north-row tip-via line, 22.9 mm from the hub's nearest supply pin"
a6,/+1V1_S3,TP31.1,F.Cu,C374.1,B.Cu,127.663,S2 core,S3 margin,12 of 12,1 2 3 4 5 6 7 8 9 10 11 12,12 of 12,"C374.1:0.424,0.566","C374.1:0.391,0.532",keep-out,,"C374 (+1V1_S3, the hub's rail) sits on B.Cu at (186.3, 132.6), under U301's north-row tip-via line, 22.9 mm from the hub's nearest supply pin"
a6,/+3V3_S3A,"track-end@(232.5,134.1)",F.Cu,"track-end@(233.1,134.1)",B.Cu,0.573,S3 core,S3 core,3 of 12,2 5 12,12 of 12,,,congestion,,
a6,/+3V3_S3A,L301.2,F.Cu,R302.1,B.Cu,6.867,S3 core,S3 core,3 of 12,1 5 12,12 of 12,"L301.2:None,None / R302.1:None,None","L301.2:0.05,0.05 / R302.1:0.05,0.05",congestion,"pre-correction netlist (C357.1, C358.1 leave the net or change pin in the corrected netlist)",
a6,/+3V3_S3A,R337.2,B.Cu,"track-end@(211.1,164.5)",B.Cu,32.048,S3 core,S3 core,5 of 12,1 2 5 6 12,12 of 12,"R337.2:0.65,0.8","R337.2:0.05,0.05",congestion,pre-correction netlist (Q306.1 leaves the net or change pin in the corrected netlist),
a6,/+3V3_S3A,TP28.1,F.Cu,J_M2C3.2,F.Cu,99.472,S2 core,S3 core,12 of 12,1 2 3 4 5 6 7 8 9 10 11 12,12 of 12,"J_M2C3.2:0.32,0.461","J_M2C3.2:0.05,0.05",keep-out,"pre-correction netlist (J_M2C3.2, J_M2C3.4, J_M2C3.72, J_M2C3.74 leave the net or change pin in the corrected netlist)",
a6,/+3V3_S3B,J_M2N3.74,F.Cu,R25.2,F.Cu,77.836,S3 core,DEVE core,12 of 12,1 2 3 4 5 6 7 8 9 10 11 12,12 of 12,"J_M2N3.74:0.05,0.05","J_M2N3.74:0.05,0.05",keep-out,,
a6,/+3V3_S3B,J_M2N3.2,F.Cu,TP29.1,F.Cu,80.968,S3 margin,S2 core,12 of 12,1 2 3 4 5 6 7 8 9 10 11 12,12 of 12,"J_M2N3.2:0.05,0.05","J_M2N3.2:0.05,0.05",keep-out,,
a6,/BANK3_UPTX_N,U302.59,F.Cu,U309.4,F.Cu,34.288,S3 core,S3 margin,7 of 12,1 2 3 4 6 10 12,7 of 12,"U302.59:0.453,1.423 / U309.4:0.05,1.54","U302.59:0.25,0.7 / U309.4:0.05,1.54",congestion,,U302's upstream SuperSpeed pins are on its north row; the bank mux U309 sits 34 mm south-west
a6,/BOE3_n,"track-end@(184.3,154.0)",F.Cu,"via@(0.6,151.2)",through,183.706,S3 margin,DEVW core,12 of 12,1 2 3 4 5 6 7 8 9 10 11 12,12 of 12,,,keep-out,,
a6,/CARD3_RX_N,U301.107,F.Cu,J_M2C3.43,F.Cu,61.377,S3 core,S3 core,11 of 12,1 2 3 4 5 6 7 8 9 11 12,11 of 12,"U301.107:1.7,None / J_M2C3.43:0.05,1.55","U301.107:0.9,1.1 / J_M2C3.43:0.05,1.1",escape at the pad,"pre-correction netlist (J_M2C3.43, U301.107 leave the net or change pin in the corrected netlist)",
a6,/CARD3_RX_P,U301.106,F.Cu,J_M2C3.41,F.Cu,60.881,S3 core,S3 core,10 of 12,1 2 3 4 5 7 8 9 11 12,10 of 12,"U301.106:None,None / J_M2C3.41:0.05,2.3","U301.106:0.9,1.1 / J_M2C3.41:0.05,1.1",escape at the pad,"pre-correction netlist (J_M2C3.41, U301.106 leave the net or change pin in the corrected netlist)",
a6,/CARD3_TX_P,U301.102,F.Cu,J_M2C3.35,F.Cu,59.244,S3 core,S3 core,8 of 12,1 3 5 7 8 9 10 12,8 of 12,"U301.102:1.4,None / J_M2C3.35:0.05,1.55","U301.102:0.9,1.1 / J_M2C3.35:0.05,1.1",escape at the pad,pre-correction netlist (J_M2C3.35 leaves the net or change pin in the corrected netlist),
a6,/HOST3_0D_N,U310.2,F.Cu,U32B.136,F.Cu,113.878,S3 core,S3 core,9 of 12,1 2 3 4 6 8 9 11 12,9 of 12,"U310.2:0.502,1.001 / U32B.136:0.5,0.75","U310.2:0.05,1.001 / U32B.136:0.5,0.75",congestion,,"the USB 2 host-select mux U310 at (194.4, 155.5) is about 114 mm from U32B.136"
a6,/HUB3_R1,U302.64,F.Cu,R342.1,B.Cu,19.392,S3 core,S3 margin,7 of 12,2 3 4 5 9 11 12,7 of 12,"U302.64:1.401,2.789 / R342.1:0.255,None","U302.64:0.25,0.934 / R342.1:0.05,0.05",congestion,,"the hub's USB_R1 resistor R342 sits on B.Cu at (189.5, 135.6), under U301's north-west corner, 19 mm from U302.64"
a6,/HUB3_RST_n,U302.50,F.Cu,C363.1,B.Cu,21.077,S3 core,S3 core,7 of 12,1 2 3 5 6 8 12,12 of 12,"U302.50:0.255,0.922 / C363.1:1.638,2.915","U302.50:0.25,0.7 / C363.1:0.2,0.35",congestion,,"C363 sits on B.Cu at (195.4, 132.4), under U301's north-row tip-via line"
a6,/HUB3_RST_n,Q5.3,B.Cu,"track-end@(183.0,139.9)",B.Cu,191.438,DEVW core,S2 margin,12 of 12,1 2 3 4 5 6 7 8 9 10 11 12,12 of 12,,,keep-out,,
a6,/HUB3_SMBUS_n,U302.39,F.Cu,R345.1,B.Cu,14.955,S3 core,S3 core,4 of 12,1 5 8 12,4 of 12,"U302.39:None,None / R345.1:2.912,None","U302.39:0.3,0.7 / R345.1:0.5,0.65",escape at the pad,,
a6,/HUB3_XI,"track-end@(210.3,133.9)",F.Cu,R347.1,B.Cu,1.688,S3 core,S3 core,7 of 12,1 2 3 4 6 11 12,10 of 12,"R347.1:0.8,0.951","R347.1:0.8,0.95",congestion,,R347 sits on B.Cu under U302's north row; the crystal Y301 is 22 to 24 mm from the hub pins
a6,/HUB3_XI,C364.1,B.Cu,R347.1,B.Cu,27.075,S3 core,S3 core,8 of 12,1 2 3 4 5 6 11 12,10 of 12,"C364.1:1.487,None / R347.1:0.8,0.951","C364.1:0.2,0.667 / R347.1:0.8,0.95",congestion,,"the crystal's load capacitor C364 sits at (237.5, 138.0), 28.3 mm from U302.62; R347 sits on B.Cu under U302's north row; the crystal Y301 is 22 to 24 mm from the hub pins"
a6,/HUB3_XO,U302.61,F.Cu,R347.2,B.Cu,3.316,S3 core,S3 core,6 of 12,1 3 4 5 7 12,9 of 12,"U302.61:0.25,0.752 / R347.2:0.95,None","U302.61:0.05,0.7 / R347.2:0.95,1.1",congestion,,R347 sits on B.Cu under U302's north row; the crystal Y301 is 22 to 24 mm from the hub pins and C365 31 mm
a6,/HUB3_XO,Y301.3,F.Cu,R347.2,B.Cu,20.601,S3 core,S3 core,7 of 12,1 2 3 4 7 9 12,9 of 12,"Y301.3:0.304,None / R347.2:0.95,None","Y301.3:0.3,0.45 / R347.2:0.95,1.1",congestion,,"the hub's 24 MHz crystal Y301 sits at (200.6, 154.1), its pads 22.1 and 24.3 mm from U302's XO and XI pins; R347 sits on B.Cu under U302's north row; the crystal Y301 is 22 to 24 mm from the hub pins and C365 31 mm"
a6,/HUB3_XO,R347.2,B.Cu,C365.1,B.Cu,28.49,S3 core,S3 margin,8 of 12,1 2 3 4 6 7 9 12,9 of 12,"R347.2:0.95,None / C365.1:0.05,0.05","R347.2:0.95,1.1 / C365.1:0.05,0.05",congestion,,"R347 sits on B.Cu under U302's north row; the crystal Y301 is 22 to 24 mm from the hub pins and C365 31 mm; the crystal's load capacitor C365 sits at (240.6, 138.0), 30.8 mm from U302.61"
a6,/IOCC_XI,U61.12,B.Cu,"track-end@(186.4,47.6)",B.Cu,19.541,S2 core,S3 margin,12 of 12,1 2 3 4 5 6 7 8 9 10 11 12,12 of 12,,,keep-out,,
a6,/IOCC_XO,Y4.3,B.Cu,U61.13,B.Cu,22.793,S3 margin,S2 core,12 of 12,1 2 3 4 5 6 7 8 9 10 11 12,12 of 12,"Y4.3:0.05,0.05","Y4.3:0.05,0.05",keep-out,,
a6,/NVME3_RX_N,J_M2N3.41,F.Cu,U301.101,F.Cu,51.234,S3 core,S3 core,8 of 12,1 2 4 6 8 9 10 12,8 of 12,"J_M2N3.41:0.35,1.1 / U301.101:None,None","J_M2N3.41:0.05,1.1 / U301.101:0.9,1.1",escape at the pad,"pre-correction netlist (J_M2N3.41, U301.101 leave the net or change pin in the corrected netlist)",
a6,/PCIE3_RCLK0_N,U301.83,F.Cu,U301.111,F.Cu,9.708,S3 core,S3 core,10 of 12,1 2 4 5 6 7 8 10 11 12,10 of 12,"U301.83:None,None / U301.111:None,None","U301.83:0.9,None / U301.111:0.9,1.1",via site,"pre-correction netlist (U301.111, U301.83 leave the net or change pin in the corrected netlist)","B21 joins the switch's clock output U301.83 (east row) straight to its own clock input U301.111 (north row), defect A.3"
a6,/PCIE3_RXSW_P,C351.1,F.Cu,U301.124,F.Cu,25.346,S3 core,S3 margin,12 of 12,1 2 3 4 5 6 7 8 9 10 11 12,12 of 12,"C351.1:0.696,1.551 / U301.124:None,None","C351.1:0.45,0.6 / U301.124:0.9,1.1",escape at the pad,,"C351 and C352 (the upstream pair's AC coupling) sit south-east of U301 at (205.4, 153.1 and 155.9), across the package from pins 123 and 124 on its north row: pin 124 to C351 is 25.3 mm and C351 to U32B.116 111.8 mm, against 99.4 mm from the pin to U32B.116 directly"
a6,/PCIE3_TX_P,U301.128,F.Cu,U32B.122,F.Cu,99.114,S3 margin,S3 core,9 of 12,1 2 3 4 5 7 8 10 12,9 of 12,"U301.128:None,None / U32B.122:0.5,None","U301.128:0.461,None / U32B.122:0.5,0.982",via site,,"U301.128 is the north row's last pad at the package's north-west corner, 99 mm from U32B.122"
a6,/PCIE_PWR_EN3,U303.3,F.Cu,R306.1,B.Cu,11.113,S3 core,S3 core,6 of 12,2 4 6 8 10 12,9 of 12,"U303.3:None,None / R306.1:0.55,2.864","U303.3:0.05,0.05 / R306.1:0.05,0.05",congestion,pre-correction netlist (U303.3 leaves the net or change pin in the corrected netlist),
a6,/S3_IREF,U301.86,F.Cu,R317.1,B.Cu,40.95,S3 core,S3 core,7 of 12,1 2 4 5 7 11 12,7 of 12,"U301.86:None,None / R317.1:0.35,1.21","U301.86:0.9,1.1 / R317.1:0.05,0.05",escape at the pad,,"the switch's IREF resistor R317 sits at (229.6, 169.3), 41 mm from U301.86; the input board's 0.70 mm site for U301.86, which a cause rule reads, is 5 grid point(s) only, the nearest 1.100 mm out at (200.438, 138.675) and 0.131 mm from U301.85 (F.Cu), 4 micrometres over the 0.127 mm clearance: this row's cause turns on micrometres"
