# Files of the adjudications A01 to A11 that are cited or kept but NOT filed in v2/docs/records/adj/ (MESHSAT-1357,
# written on filing, 27 September 2026, by the layer 1 closer). One line per file: class, bytes, sha256 of the file as the
# session held it, the git blob id when this repository's history already holds the same bytes, and the source path
# below the session's scratch directory ($SP). The classes and why each is not filed are in v2/docs/records/README.md,
# section 'Filed 27 September 2026'.
class	bytes	sha256	git_blob	source
MAKER	412123	8e6665285231d0880cc075f09a23ff5f0b12033d789eaac4a8d0f0a1ce16297b	-	$SP/adj/A01-expander-power-up/ds/bq25731.txt
MAKER	1575038	7941fb423af7c6c6c8979063a7e8819bb19217ece275efcce18948950a41d9f6	-	$SP/adj/A01-expander-power-up/ds/cj_2n7002_C8545.pdf
MAKER	18295	5f49fb28bb8ff554e0247cf2e9176936d46c04645c1a31114ccc4d46bb0c6051	-	$SP/adj/A01-expander-power-up/ds/cj_2n7002_C8545.txt
MAKER	110467	d77e705a93c9e200143d9a17ce3b113e38bc55c3472fefc6a3282534255ee6ec	-	$SP/adj/A01-expander-power-up/ds/diodes-ap64500.txt
MAKER	175812	a351fa6e557379d50013f83502f8d7b6bd577490ffeb710f3756491978e1edbc	-	$SP/adj/A01-expander-power-up/ds/lm5176-datasheet.txt
MAKER	88410	ce74b365049c06a8bcded3eb08d715943d370cdadad4e2fee1672a3191a8e993	-	$SP/adj/A01-expander-power-up/ds/ltc2954.txt
MAKER	75199	5f670b196610372ab2ce9346fd636e88423eab1425c11aabd84d4c5e07ec2c05	-	$SP/adj/A01-expander-power-up/ds/nexperia-74lvc08a-quad-and.txt
MAKER	2348132	8f4fdca1024c1a6b1c90a9a3d8c98ac03e98af780de9b1ce1a575c5404c3588b	-	$SP/adj/A01-expander-power-up/ds/rp2040.txt
MAKER	136569	6124b652f2f2e2650bf752bbede83567a60a0ef10823ed4e1df929039e1206fa	-	$SP/adj/A01-expander-power-up/ds/ti-sn74lvc08a-quad-and.txt
MAKER	219678	026e511173d72140b3fc7766d9a0441ef60f811515e80b1ae2d1c3c917071c62	-	$SP/adj/A01-expander-power-up/ds/ti-tlv755p-ldo.txt
MAKER	209886	54798af9030583de8693d7cef77cc571df14b8a5506a0721067d02875361a18a	-	$SP/adj/A01-expander-power-up/ds/ti-tps2065-tps2066-tps2067.txt
MAKER	134058	70f1db9b7970edcc53b3c6d6056994f92ea38978f59de155b38b8af1ff98cc3c	-	$SP/adj/A01-expander-power-up/ds/ti-tps22810-load-switch.txt
MAKER	209457	6870626cb25d831b80e715d5758262b1acc9de99ce356925659a8579015b33bf	-	$SP/adj/A01-expander-power-up/ds/ti-tps62933.txt
MAKER	170954	0ceca34c11a68e227baeb2bd1da925305b66d3eac3292c4934844622f3685b7f	-	$SP/adj/A01-expander-power-up/ds/tps2596.txt
MAKER	159797	63270026cb92d0cba1cf0210068d746d783bae2cd51012f20741232a38629db2	-	$SP/adj/A01-expander-power-up/pca9555_p15-15.png
MAKER	146762	fd3f8d82f186dbae1ad393d1999f6fc3d1f822ceb2333aaa1a22eeaa69ecf48e	-	$SP/adj/A01-expander-power-up/pca9555_p7-07.png
MAKER	191450	c647d0277f5b4666b62ab1f478fee512f9603092968870bdd87440293ead31e7	-	$SP/adj/A01-expander-power-up/ti-pca9555.txt
MAKER	3467498	e41ef289ce1de377d7b92bce609177d924e149099d9c4424d88f6b21ad57153f	-	$SP/adj/A02-charger-without-host/bq25730-ref.pdf
MAKER	447320	7183f7cf5bf812dc891faeceff0067e55aabe3d9f6704c92f0edf4917634eede	-	$SP/adj/A02-charger-without-host/bq25730.txt
MAKER	3689450	3e5e927fdf63cf6a2397630987c58e947ebc80d5a1cfc93fb1fb58d98bb58973	-	$SP/adj/A02-charger-without-host/bq25731-current.pdf
MAKER	412125	81697733e5e61ffe8744c8c419afe25a6806a4f474b680cb61f3236a7fcdaa19	-	$SP/adj/A02-charger-without-host/bq25731.txt
WEB	196145	662a74e9485aa1014a6ee92900db710fbf7769d9755f01a2d9d2b3690f03bba7	-	$SP/adj/A02-charger-without-host/e2e/1117992.html
WEB	20005	e63bdd90a032fe47a42ed337560269548f03226c3c5285968f4048a5f1e515fb	-	$SP/adj/A02-charger-without-host/e2e/1117992.txt
WEB	149278	43d433a39ef7aca5498b57aea8c5dcafa8ce9eeaab4da7ddd33b30879d3d583a	-	$SP/adj/A02-charger-without-host/e2e/1190474.html
WEB	7162	da4bae067a9057ea8a749c379af08bacb45bc5e17972a639148ec7d27f542fab	-	$SP/adj/A02-charger-without-host/e2e/1190474.txt
WEB	183498	7e93a168c5314d5b41b93dee0ea4ea2df698125a7134525b249d2ea8d85ff200	-	$SP/adj/A02-charger-without-host/e2e/1312308.html
WEB	5213	d099d3f21845bdbe255de2ca296bd549dacb1d0f585fed6bbc370cddde1087aa	-	$SP/adj/A02-charger-without-host/e2e/1312308.txt
WEB	147958	1e7a65dbfa7bcead1e18cd57596b94aff3c88349cdfb8fff6f5d829153f75f2a	-	$SP/adj/A02-charger-without-host/e2e/1316778.html
WEB	6995	a328685443745b65b9324df004e1e9836c3b205547f05b1024781e40f7681e3d	-	$SP/adj/A02-charger-without-host/e2e/1316778.txt
WEB	182807	4fe0454543df17f7ee734c1081711f5af6b0f62706795ec7eba657ed906e7be4	-	$SP/adj/A02-charger-without-host/e2e/1324205.html
WEB	7507	7b6efbd352e77f4f978c021e6d5119518ed03292d7ab52676faea8353954bf00	-	$SP/adj/A02-charger-without-host/e2e/1324205.txt
MAKER	219981	4480ac297b89ea4372c71aa1013b0940629a0c7026991f29ea0f2eb76dda9214	-	$SP/adj/A02-charger-without-host/p42-042.png
MAKER	62668	50a41aed092a519d22a621f296d298d6d295cf69fa477ea14f176dca7fce40ec	-	$SP/adj/A02-charger-without-host/p42_wdt.png
MAKER	191456	b0b4272f3845d95b64e87b63893772b25bae35edb5d2e13611c53f890632b716	-	$SP/adj/A02-charger-without-host/pca9555.txt
PYC	5679	93b19a6d73af9881190424db3b571d2c4bc79cd50bab2d72655bf0c7eb46923b	-	$SP/adj/A03-clamp-orientation/drafts/__pycache__/net_diodes.cpython-311.pyc
PYC	2788	c5117f605dee949fcc94dff66373a2d6672d450223e495e355dbf58b99cbd54d	-	$SP/adj/A03-clamp-orientation/drafts/__pycache__/sexp.cpython-311.pyc
DUP	390634	75622f5138f10ceb5cfd73760acdbd90e4f0343f65a48a86c56af4297f2379d9	-	$SP/adj/A03-clamp-orientation/drafts/box/A03-out.tgz
NET	464085	aa1372ba3932610f27c3fd5aac5a5e1663600c1cae4a5f92712b9710f114d4f4	122568c1a02c1f6e6539ab840b8d1eb70c6c8f9d	$SP/adj/A03-clamp-orientation/drafts/box/regen/pcb-a-power.committed.net
NET	472229	8c551d04d63536eae31d35386aebb1c30ad6d4b437dc22c4762d67f38d284717	-	$SP/adj/A03-clamp-orientation/drafts/box/regen/pcb-a-power.regen.net
NET	1290798	0e72edb5d755316f6a55ce915c1c23103ecc11054904f813ec2942aca7e975c9	1b2ce6b22930bfa5329ad515c8ce65c4fd8d09f5	$SP/adj/A03-clamp-orientation/drafts/box/regen/pcb-b-compute.committed.net
NET	1309725	9ce54d421345d39497e020f4219ff3507cfc7228d48fd03dcc2e3f4f3cf3cf63	-	$SP/adj/A03-clamp-orientation/drafts/box/regen/pcb-b-compute.regen.net
NET	213337	ba01b558b949d4f205ba6658938a6d11feb97f3dd0cc51b5c1f66d4852d40d7b	2ea1abd556fe61b36f20719541c2e17aa2a4c30b	$SP/adj/A03-clamp-orientation/drafts/box/regen/pcb-c-display.committed.net
NET	217062	97cb311ce4dd59660d6eaf4e1568dcd740fc38fc6143a4c214ae2465666f194d	-	$SP/adj/A03-clamp-orientation/drafts/box/regen/pcb-c-display.regen.net
NET	230595	9a087a115c7bb17587975006570e525925efe75a10b0acd6f98fa3e715465a0d	87168e71e88c7027f33c195b52dd8bd5ab17a8fd	$SP/adj/A03-clamp-orientation/drafts/box/regen/pcb-d-aprs.committed.net
NET	234796	e409d29e8e3fd81de306fdf6809b5f8f491336d0009c5cc5f7f07abc503ed718	-	$SP/adj/A03-clamp-orientation/drafts/box/regen/pcb-d-aprs.regen.net
NET	189827	a7784a00cc7a89db8d780261119c75716d8fbe482a7dfbc6c8850cdcff6db3e0	9e0377189eccdcfd9ce1a23c79f0d3eebb9d3af7	$SP/adj/A03-clamp-orientation/drafts/box/regen/pcb-e1-dock.committed.net
NET	193005	a335e9a8838572a23d8d372e26ce943dc46b01dfdd37df739f5e43a914333650	-	$SP/adj/A03-clamp-orientation/drafts/box/regen/pcb-e1-dock.regen.net
NET	61272	ab2dc5662cb4eb440478cc7493612c98627b66dc24aafcb84d3ff1559ac4ae59	63441571bb14d7628d612847d6281c56b038cabc	$SP/adj/A03-clamp-orientation/drafts/box/regen/pcb-p-pack.committed.net
NET	62370	43cee76f6485d9ae19d342f8507ca7b6e23ce7f9af6e68b6bc6780b32c8c0cb0	-	$SP/adj/A03-clamp-orientation/drafts/box/regen/pcb-p-pack.regen.net
MAKER	223015	6546e415b8885ea3790c91629034c6b4e5c6961d5fde734e55dfa479dd8dc49a	-	$SP/adj/A03-clamp-orientation/drafts/ds/PESD5V0S1BA.pdf
MAKER	649451	7b4b0629ac23892aa8f2bf3cad9d1b61e0fe92e7480609f9bfafc7002cc6b213	-	$SP/adj/A03-clamp-orientation/drafts/ds/PESD5V0S1BA_BB_BL.pdf
MAKER	1215362	95385273b5009dc9ec2f2a432e07e215f71626b825bd53a9f5525f4186566d3b	-	$SP/adj/A03-clamp-orientation/drafts/ds/lcsc_C113974_SMBJ5.0A.pdf
MAKER	498941	752945fa3acaf46947c4f9ffdca98027af4ffb4845c5250713f0b608a547d97f	-	$SP/adj/A03-clamp-orientation/drafts/ds/lcsc_C135085_SMBJ58A-13-F.pdf
MAKER	947504	d7df155be4b1f612085401e8c946f065e284d65a0e7de22b9225a7b73946e51b	-	$SP/adj/A03-clamp-orientation/drafts/ds/lcsc_C151256_SMBJ18A.pdf
MAKER	223015	6546e415b8885ea3790c91629034c6b4e5c6961d5fde734e55dfa479dd8dc49a	-	$SP/adj/A03-clamp-orientation/drafts/ds/lcsc_C19224_PESD5V0S1BA_115.pdf
MAKER	984493	6e610db955ed876306999009c62b242f7de9bb05e2cd9717288a96586a5093ea	-	$SP/adj/A03-clamp-orientation/drafts/ds/lcsc_C224047_SMCJ28A.pdf
MAKER	984493	6e610db955ed876306999009c62b242f7de9bb05e2cd9717288a96586a5093ea	-	$SP/adj/A03-clamp-orientation/drafts/ds/lcsc_C224052_SMCJ40A.pdf
MAKER	367089	24333acdc9df9032e4c80601c94b77f21ac38d15221125f600f01a71a9ee1aba	-	$SP/adj/A03-clamp-orientation/drafts/ds/lcsc_C268712_SS2040FL.pdf
MAKER	1215362	95385273b5009dc9ec2f2a432e07e215f71626b825bd53a9f5525f4186566d3b	-	$SP/adj/A03-clamp-orientation/drafts/ds/lcsc_C364296_SMBJ20A.pdf
MAKER	984493	6e610db955ed876306999009c62b242f7de9bb05e2cd9717288a96586a5093ea	-	$SP/adj/A03-clamp-orientation/drafts/ds/lcsc_C374030_SMCJ18A.pdf
MAKER	320276	5cbe7c34174b49058f9e13aa94ae9d17b521feea2d4537cc46876c764fc3cefe	-	$SP/adj/A03-clamp-orientation/drafts/ds/lcsc_C42371548_SMCJ33A.pdf
MAKER	320276	5cbe7c34174b49058f9e13aa94ae9d17b521feea2d4537cc46876c764fc3cefe	-	$SP/adj/A03-clamp-orientation/drafts/ds/lcsc_C42371550_SMCJ15A.pdf
MAKER	235084	fdd697de478c59e1bd24e207f67a3a6eefecb1e32812afc77adca0c44f9a3c5c	-	$SP/adj/A03-clamp-orientation/drafts/ds/lcsc_C7502705_BAT54W.pdf
MAKER	224255	8ba7ab4ec1781b7f6052f5999a2304bd611c0ed2b5e8f36ffa5092552932a42e	-	$SP/adj/A03-clamp-orientation/drafts/ds/lcsc_C7519_USBLC6-2SC6.pdf
MAKER	947504	d7df155be4b1f612085401e8c946f065e284d65a0e7de22b9225a7b73946e51b	-	$SP/adj/A03-clamp-orientation/drafts/ds/lcsc_C83270_SMBJ6.0A.pdf
WEB	6038	5999bd16032e9e9bf698387a5349795c4d0fc2b9643702a0d6004c8bbd884381	-	$SP/adj/A03-clamp-orientation/drafts/lcsc/C113974.json
WEB	27058	e9d87b15d1b40ede18f82c90f7d905b6423bd52984222be7de67ecda93638284	-	$SP/adj/A03-clamp-orientation/drafts/lcsc/C135085.json
WEB	5940	cd1004c4f2fda7e2b05312d2a1a2af14b92259bdbf6a088da125d613ab9bed97	-	$SP/adj/A03-clamp-orientation/drafts/lcsc/C151256.json
WEB	39990	3cd63afc41c452837313097acaa499e4b598adfa48a440074d51d75f24218b38	-	$SP/adj/A03-clamp-orientation/drafts/lcsc/C19224.json
WEB	5903	ccb876725c2b9c137f5c49f3dcfc7f2a3de018d72ad1bed82cf0c7ce9cfb7351	-	$SP/adj/A03-clamp-orientation/drafts/lcsc/C224047.json
WEB	5941	9acc3b7108f79cf4236161071172e6188da0df239a72b55e273daa183a7e65d7	-	$SP/adj/A03-clamp-orientation/drafts/lcsc/C224052.json
WEB	35446	074699d0724c7fe4458a3ec7b33141a91a0ba66e62b8a02451fe590a84f89338	-	$SP/adj/A03-clamp-orientation/drafts/lcsc/C268712.json
WEB	6119	4b46e17dcd800a8e12e9e59b5f25e92e0094731f1cfb8c900d78ac00f8e13e75	-	$SP/adj/A03-clamp-orientation/drafts/lcsc/C364296.json
WEB	5675	a9b666c5696b401c642388fe91382eb8712c56f01ed2ac69137210f949e2c29a	-	$SP/adj/A03-clamp-orientation/drafts/lcsc/C374030.json
WEB	6193	408b2160e815d183628133dc759b300c648d5b564d89971224981883246c9020	-	$SP/adj/A03-clamp-orientation/drafts/lcsc/C42371548.json
WEB	6138	964a30eb84dfc2aed9f84fc30d452fd8d5d100db459dbeee52c3813fe46744f5	-	$SP/adj/A03-clamp-orientation/drafts/lcsc/C42371550.json
WEB	47	a86e135fd9e76049a75c577cf98b0b67134bf05ac5638e61ac1583ded0e2f901	-	$SP/adj/A03-clamp-orientation/drafts/lcsc/C51897884.json
WEB	36012	a09ffbf3429f1a04f20c576c52bb43a59448d67de930e50bd59b9debb3192fba	-	$SP/adj/A03-clamp-orientation/drafts/lcsc/C7502705.json
WEB	22881	3f9b679830d55c1c3528cb90eeada23dd9c4aa499143be8685e2007bb900f5e2	-	$SP/adj/A03-clamp-orientation/drafts/lcsc/C83270.json
MAKER	92209	b59a11ff4720c6d16a34f839d82dd0d922274187a9fcea14e86a6651b7d6727c	-	$SP/adj/A03-clamp-orientation/drafts/pdi_crop_diodes.png
MAKER	153812	c29aeb3a82c32b51cb0959aa332e63e8f4a60108b0cfb8ee34bea6dd890a2843	-	$SP/adj/A03-clamp-orientation/drafts/pdi_crop_right.png
MAKER	207191	81fcf35fc58d7843af69f6c516d83f237ef5fcf2104f616c5e31065a2b3328d0	-	$SP/adj/A03-clamp-orientation/drafts/pdi_crop_top.png
MAKER	750623	fd3492fdf6936e260030338ddf126cefc4b5b57f7822fb4561d4f82c877a5ce2	-	$SP/adj/A03-clamp-orientation/drafts/pdi_p4-04.png
NET	335629	0fd6672749bc8875e36e4c6093c8f37ea6e33cd1119a83155b436a77a156172c	a3c6b2d9c04275a3c387c72442ebbbc13f24cc09	$SP/adj/A04-board-a-hold-criterion/drafts/box/run/inputs/a.json
NET	5162269	58e26c67987b1daa8eb236777a435480617ba0e918e263a5398e5060d64db3e9	af7dc04af28c920bcf97b8e4df54c6432a1736ce	$SP/adj/A04-board-a-hold-criterion/drafts/box/run/inputs/pcb-a-power.kicad_pcb
NET	464085	aa1372ba3932610f27c3fd5aac5a5e1663600c1cae4a5f92712b9710f114d4f4	122568c1a02c1f6e6539ab840b8d1eb70c6c8f9d	$SP/adj/A04-board-a-hold-criterion/drafts/box/run/inputs/pcb-a-power.net
NET	464042	cb2db6971d322a447aba1e4ce27a475cae992eebfacaa54b2add8a39b5caadd5	-	$SP/adj/A04-board-a-hold-criterion/drafts/box/run/pcb-a-power.board-values.net
MAKER	50314	58a07261d864dbfae288805c6638ed8f2d0455d2f758803df2853fa269fc8de3	-	$SP/adj/A04-board-a-hold-criterion/drafts/st-usblc6-2-esd-protection.txt
MAKER	35016	b542c615c3401fc5a6ed14bd85534ac0c1e627848ff0e5e3187e541abf6b8e6e	-	$SP/adj/A04-board-a-hold-criterion/drafts/vishay-smbj-series-tvs.txt
MAKER	35507	2baed393b129299ef155cbe3cc470a77eaac6a928afcbdac612fbf82f5c5767b	-	$SP/adj/A04-board-a-hold-criterion/drafts/vishay-smcj-series-tvs.txt
MAKER	36356	d2eed21ecffdff2b7e613f8b2d891737369a18f3447e8317cb4de9b3d295847e	-	$SP/adj/A05-modes-and-runtime-basis/samsung-35e-orbtronic.txt
MAKER	89	e2d5dec01aff7ad737a5783cd50163e76e46a4d4a34c47c2d0f6f93d3234735b	-	$SP/adj/A05-modes-and-runtime-basis/txt/README.txt
MAKER	122355	429ef814b81dbed7080ed836c1eea541ef25ff94d6d1b3636e282004f0833567	-	$SP/adj/A05-modes-and-runtime-basis/txt/cm5-datasheet.txt
MAKER	435911	2ed8d0f209c768e7c33185f9e18eefab2879d2faf944ae5d1e6b5b2db936f77e	-	$SP/adj/A05-modes-and-runtime-basis/txt/diodes-pi7c9x2g404sl.txt
MAKER	26907	a81c34304798ee711b9e987c18499325569c16dbe3f03874186509406301174b	-	$SP/adj/A05-modes-and-runtime-basis/txt/ebyte-e22-900m30s-user-manual-en-v1.20.txt
MAKER	111305	993be1d53dbc6e6d9b25a20d0ca0c8f75fbb66984ddd77de815761b591fd8520	-	$SP/adj/A05-modes-and-runtime-basis/txt/lg290p03-hardware-design-v1.1.txt
MAKER	27987	0e8e079c6b42b074c6afd9be40b2516b9020172eaf7090298dcbf7fa0f9ff178	-	$SP/adj/A05-modes-and-runtime-basis/txt/nicerf-sa868-datasheet-v1.3.txt
MAKER	283949	b8414609bed00f9ae252a2f076e49b2862516c9aff789aeabe74b0d7d8213243	-	$SP/adj/A05-modes-and-runtime-basis/txt/qmx-operating-manual-1_04_004.txt
MAKER	222182	eb10ff9c371ef15ec745b249b908435c56549fe2aff823ec05a90eb6406f2517	-	$SP/adj/A05-modes-and-runtime-basis/txt/quectel-rm520n-series-hardware-design-v1.1.txt
MAKER	50642	696d3481f0670ef78a4d39f848e69a012af3906ba348c4508a4ac7f1ff3fe493	-	$SP/adj/A05-modes-and-runtime-basis/txt/ra30h1317m1-datasheet.txt
MAKER	4355	36ef1244cc3c2319df0263a762daab9e76205955076d2f7935d86c4c3b83e6ce	-	$SP/adj/A05-modes-and-runtime-basis/txt/rb9704-datasheet-RB9704-001-JUN26.txt
MAKER	223949	79c8069271d6f96e061b69fcfd07d6b9e67b7f1678f1ada50fe02da1f9861fe1	-	$SP/adj/A05-modes-and-runtime-basis/txt/ti-tusb8041.txt
MAKER	18261	f2429e6d57804e5ff0d9a2784a14a408c611464e340328db8bf04290adf1f72b	-	$SP/adj/A05-modes-and-runtime-basis/txt/xenarc-709gnk-product-manual-v2.txt
MAKER	1170598	440490c5babe075dac69d78d6f4e0aecef0bf571f31c4a7268fab5d959a511bd	-	$SP/adj/A06-pack-geometry/drafts/src/hirose-ufl-catalog.pdf
MAKER	175724	9426b136902f11900825077535e5c65032b7fbc31ffb59c5e9e1f463bb20fb90	-	$SP/adj/A06-pack-geometry/drafts/src/jst-exh.pdf
MAKER	122941	9addae76de81928bb3915b3804b7ea42c9cb60ced62534ba9bccc5f40bd3d145	-	$SP/adj/A06-pack-geometry/drafts/src/keystone-3568-1.png
MAKER	201980	783e9450bae591668a3d839d00fcb3a536dd8edcbf47bd931ce13ad64270cdc1	-	$SP/adj/A06-pack-geometry/drafts/src/lf297-1.png
MAKER	393656	867a4873b71a7c5b758be83f8371daf5ca5cb624675ac85b405dc227504df20c	-	$SP/adj/A06-pack-geometry/drafts/src/molicel-p50b.pdf
MAKER	129306	4cd6c2c7df6ec27538578a2fd43a5b541ad58999168b11c0750c7f000322475b	-	$SP/adj/A06-pack-geometry/drafts/src/we-61201021621-1.png
MAKER	947331	dbaa4765e57457ac68cc667d33da6128b63651ee25a5938b713a91b21c58a929	-	$SP/adj/A06-pack-geometry/drafts/src/we-61201021621.pdf
MAKER	1144597	e44cf629e9e982bc0d01c257b7f85b814328db80bac7168ed58985aec7b61d8c	-	$SP/adj/A06-pack-geometry/drafts/src/we-61201021721.pdf
MAKER	112760	4005716eb24194fdb5147f7bac1c106742e0b7f64d99e60fd6c1bae50858bb06	-	$SP/adj/A06-pack-geometry/drafts/src/we-61201023021-1.png
MAKER	663484	259dc513fa09e9114529f274e15f532adb71c43fed911ee871a8821c7d318bf7	-	$SP/adj/A06-pack-geometry/drafts/src/we-61201023021.pdf
MAKER	269695	c3fca4fd1e8b346a993b848eb4658b0ff1efbe82111fd0cdf60a82e911d25fc8	-	$SP/adj/A07-pack-smbus-lead/drafts/bq4050_p1-01.png
MAKER	341768	1eb0ff0a0be8d194c2e628761a197cd12248a0f4840776fbf6e2caa81405d920	-	$SP/adj/A07-pack-smbus-lead/drafts/bq4050_p28-28.png
MAKER	172401	47bc12adf1412861aa198d6fabe9a78a26e61c286205f6288d5f19cb071c19cd	-	$SP/adj/A07-pack-smbus-lead/drafts/bq4050_p36-36.png
MAKER	93779	ebd3d66881e6032a3528dfa0fa81ff5bb8c20b7d608fb210ac6fc6ac6c90c602	-	$SP/adj/A07-pack-smbus-lead/drafts/fig21_connectors.png
MAKER	46752	c96503676b5e93eeed552097247e58f6356e8307d527795e185b4248d4d57450	-	$SP/adj/A07-pack-smbus-lead/drafts/fig21_sense.png
MAKER	6060	8b5b5a40b0377fef75edb28cbc32d0cc60fc6b4e6f6327e67cde717857000142	-	$SP/adj/A08-5g-socket-and-antennas/drafts/rm520n_brief.txt
MAKER	189611	f2728f74aafbaa06162f9a8f7755c96fc31e5a673fbda3bee895e5cbb6f7bc61	-	$SP/adj/A08-5g-socket-and-antennas/drafts/rm520n_gl_hd_v10.txt
MAKER	222182	eb10ff9c371ef15ec745b249b908435c56549fe2aff823ec05a90eb6406f2517	-	$SP/adj/A08-5g-socket-and-antennas/drafts/rm520n_hd_v11.txt
MAKER	111259	e7105dcee05a1351e7c3bbbb0c53b6d752945cadc03dd60f63b294c1f3b26736	-	$SP/adj/A08-5g-socket-and-antennas/drafts/rm520n_hd_v11_p59.png
MAKER	119190	6b9501e8d3163b81f81a014e4279167ee1f47b6a5dc37004b5b0a494924f3072	-	$SP/adj/A08-5g-socket-and-antennas/drafts/rm520n_hd_v11_p60.png
MAKER	224395	598d6574cc77ae13a8ed7f821629e435aaedf4a9ffb91be5dfd96ba0fc0f524e	-	$SP/adj/A08-5g-socket-and-antennas/drafts/te2199119_p5.png
WEB	409	d6e7e91c749fd354ae0cd95c7f5e981699b17731f39e7a6629c5bf4761c3c244	-	$SP/adj/A08-5g-socket-and-antennas/drafts/web/https___www.te.com_en_product-1-2199119-5.html
WEB	403	a06ec1431ae974284a6684bd48940ba577f0ccb38cbd3e5fe6117e9ea517b573	-	$SP/adj/A08-5g-socket-and-antennas/drafts/web/https___www.te.com_en_product-2199119-5.html
WEB	4087	a63164ebc21a159bbbc410dcb18a979b13e6810f32e4be3db1193c828b5e2d2a	-	$SP/adj/A08-5g-socket-and-antennas/drafts/web/jlc_1-2199119-5.json
WEB	4312	38103d515eb515181f834919edad87c48d5038169175e8fc9ec911b2974ce8c9	-	$SP/adj/A08-5g-socket-and-antennas/drafts/web/jlc_2199119-1.json
WEB	8251	9e484689021a312a79c2d0e5fbe26a4418848053c9291bbca1884328b38834de	-	$SP/adj/A08-5g-socket-and-antennas/drafts/web/jlc_2199119-3.json
WEB	7645	07a52d051b8c3f8ae2cc13b7ab9fcc5e16a3aff5c59ce654e875bb8d1ad1e97b	-	$SP/adj/A08-5g-socket-and-antennas/drafts/web/jlc_2199119-5.json
WEB	4310	3d53735c3adfb11e44aaf624fb16d728e338515d70199760053f6957c52612bb	-	$SP/adj/A08-5g-socket-and-antennas/drafts/web/jlc_C41430835.json
WEB	4079	242548f955dad8514be0b34e4dbd3ef6199c96c24de7cdc98f6d6078395af02c	-	$SP/adj/A08-5g-socket-and-antennas/drafts/web/jlc_C574849.json
WEB	4217	4172a7658835b8ce756837c02ed9b0a9f7e659f1106a7c55a79e22b384ccbc31	-	$SP/adj/A08-5g-socket-and-antennas/drafts/web/jlc_MDT420B01001.json
WEB	4278	6aaf26207928fbeb5797c08d1850076556ae8b47b5534262d92c3bf4056366e5	-	$SP/adj/A08-5g-socket-and-antennas/drafts/web/lcsc_C2803770_api.json
WEB	31358	e6ee5743a410c06419f6b805c8af481e08fa8d8fab406d4ca79e8132ceeb2dce	-	$SP/adj/A08-5g-socket-and-antennas/drafts/web/lcsc_C41430835_api.json
WEB	3821	fe6e9b726f88e3320ad42b9090ef7a1af6e27be1d92a9733a688623ef5295b1a	-	$SP/adj/A08-5g-socket-and-antennas/drafts/web/lcsc_C4594496_api.json
WEB	368086	f78ecb44e6736e2c231e5202d7467db8db16119959f36bf98c2f75e8fcf379d3	-	$SP/adj/A08-5g-socket-and-antennas/drafts/web/lcsc_C574849.html
WEB	4966	2fbf3f528d1c56c36707c1eefbad01445d52ffd0589a14b04ac9217a3c6da7ce	-	$SP/adj/A08-5g-socket-and-antennas/drafts/web/lcsc_C574849_api.json
MAKER	5532784	d8f58c5892aec2ef9505032a774ee9a4da52c3d9363604440bd3125a76f02012	-	$SP/adj/A08-5g-socket-and-antennas/drafts/web/lcsc_C574849_datasheet.pdf
WEB	106	808e366f595c12d6566dbdac165b46da8446313b5f141c725ccf1624718c3eb1	-	$SP/adj/A08-5g-socket-and-antennas/drafts/web/lcsc_search_2199119-1.json
WEB	106	808e366f595c12d6566dbdac165b46da8446313b5f141c725ccf1624718c3eb1	-	$SP/adj/A08-5g-socket-and-antennas/drafts/web/lcsc_search_2199119-3.json
WEB	106	808e366f595c12d6566dbdac165b46da8446313b5f141c725ccf1624718c3eb1	-	$SP/adj/A08-5g-socket-and-antennas/drafts/web/lcsc_search_2199119-5.json
WEB	5	2e9faebbd47a57f8d00d2f73a2e412bbf5353a95a112f2278b24f69ee5d14b62	-	$SP/adj/A08-5g-socket-and-antennas/drafts/web/te_CD_2199119.txt
MAKER	435531	ef35dbf8332b951c64be9662678bc2820f6091e1f2bb07777d0b4bf4f97b9bff	-	$SP/adj/A08-5g-socket-and-antennas/drafts/web/te_CD_2199119_B1.pdf
MAKER	82968	ea9969f7845d38383007e8ed7484604dbb8f71dca87b1b4d7866794c368e9aa8	-	$SP/adj/A08-5g-socket-and-antennas/drafts/web/te_cd_p2.png
MAKER	454865	65044118b81e5c2a1c1376cb41f0c75ebb525990f373b7ae05a862a2236a85eb	-	$SP/adj/A08-5g-socket-and-antennas/drafts/web/te_cd_p2_hi.png
MAKER	236197	f1c767af5b1717b3b5bd56ee9a53c79e4b567312533220c35e94592d6eba6361	-	$SP/adj/A08-5g-socket-and-antennas/drafts/web/te_cd_p2_table.png
MAKER	102559	42686d9f2ff1b46c987aa2af4581b036521327946d5a2eef715dcb807768547a	-	$SP/adj/A08-5g-socket-and-antennas/drafts/web/te_cd_p3.png
WEB	414	b4d44236f8278d938f5c58211904be1c863198df8004d990fdee4ccfd44d1e6f	-	$SP/adj/A08-5g-socket-and-antennas/drafts/web/te_dde_2199119.bin
WEB	350755	17dd0904a9ed23de338c8fc8036b679fb2300ad48a42929284c5e3756f080ca0	-	$SP/adj/A08-5g-socket-and-antennas/drafts/web/wb_1-2199119-5_20250609.dec.html
WEB	59833	048c8ec66a34228c1574abe060aa39ce8981cbdc956a1d6b8d6ca673d81aac24	-	$SP/adj/A08-5g-socket-and-antennas/drafts/web/wb_1-2199119-5_20250609.html
WEB	351858	ff50bab5d8f57694515c199f4af16c1cab9fdf74eb09dc224a0364ca026d0447	-	$SP/adj/A08-5g-socket-and-antennas/drafts/web/wb_1-2199119-5_20251212.dec.html
WEB	59760	390dbc5dac522c238af1fc04842925def6bfc729ede1ddb14a51eb3ef110e2eb	-	$SP/adj/A08-5g-socket-and-antennas/drafts/web/wb_1-2199119-5_20251212.html
WEB	219846	22f45d0c8d1d74435487da8c73ba7e6cc843473f91954ac766acc1e69187b3bd	-	$SP/adj/A08-5g-socket-and-antennas/drafts/web/wb_1-2199119-5_usa_20180126.html
WEB	349886	e94ef2cdfe405758ebd436ac281cc3bd2fbdba698ffc365633048c72a75ce7ec	-	$SP/adj/A08-5g-socket-and-antennas/drafts/web/wb_2199119-5_20250609.dec.html
WEB	59704	d50ce6cadb9a6e05c6b3bc5c0e403689ed4ff37111bf0912c57cea9d00932590	-	$SP/adj/A08-5g-socket-and-antennas/drafts/web/wb_2199119-5_20250609.html
WEB	327634	5412927d9124a2e67273450ba0f625fd849030e2990b7ceab5d1bca7e11ca30c	-	$SP/adj/A08-5g-socket-and-antennas/drafts/web/wb_2199119-5_usa_20231016.html
MAKER	338947	9ad7a7f0c09f81a6e2089e6015d24189dee60c236b414e80d6f5b7b130c339f6	-	$SP/adj/A09-rf-x-and-d8-z/drafts/src/amph-132134-10.dec.html
MAKER	43953	566955ad025882fb120ddc15d61a534b9557233fe17d67764646e290687bb0eb	-	$SP/adj/A09-rf-x-and-d8-z/drafts/src/amph-132134-10.html
MAKER	103369	447624f4f2f7d37c58c1eaa7ee314ad757fe7aff48f6186491ef6f69fbc00b96	-	$SP/adj/A09-rf-x-and-d8-z/drafts/src/ePH.pdf
MAKER	122881	d51e669c597988b20c0963daf5bef7356cbd2104c1f867e9107c6fa6cd2b899c	-	$SP/adj/A09-rf-x-and-d8-z/drafts/src/eVH.pdf
MAKER	120334	fdeaa747ba29298c5955debc5fdec881754227a954d3e833f96af007f7a793a1	-	$SP/adj/A09-rf-x-and-d8-z/drafts/src/r4005-3.png
MAKER	100889	19daabb84385a7adc380e6009d176fa5d29e0f105751bffe2fc60ab6375a4564	-	$SP/adj/A09-rf-x-and-d8-z/drafts/src/r720-1.png
MAKER	947361	0df87add7e40d43c6154ff4d0b47710515a4fd9972b4fbe13c5d55295497b364	-	$SP/adj/A09-rf-x-and-d8-z/drafts/src/we-61201621621.pdf
MAKER	129073	dd8fbb69087c69a08e2d7d850165a0dc056dddca06e3fbc2c5077667902c8963	-	$SP/adj/A09-rf-x-and-d8-z/drafts/src/we-p1-1.png
WEB	2745610	b5a618d5f839fb6a4f04b0e98afb0ce27eac764c3eb894f124f99ba18edaece3	-	$SP/adj/A10-jlc-stackups/drafts/box/api/calculator_template_sweep_2026-09-25.json
WEB	1693168	a1203fb1a064223ad6a4466c15519dfa040e76e6045cf153da809c20d742bccf	-	$SP/adj/A10-jlc-stackups/drafts/box/api/impedance_template_sweep_2026-09-25.json
WEB	10098	5c4898769602792f8b4609bff5e0b3d0761ecc4bd1c8c09e6bbad086f63d4fda	-	$SP/adj/A10-jlc-stackups/drafts/box/api/quoteform_4L_1.6_2oz_inner0.5_2026-09-25.json
WEB	15359	c58f5980fbb609e53df02333e9823e3cdf7fabb591665d29571debf8edca6352	-	$SP/adj/A10-jlc-stackups/drafts/box/api/quoteform_4L_1.6_2oz_inner1_2026-09-25.json
WEB	9088	a1f9695231990d8ecd291a9682835aa7dec6580f01487d28ad5d2ac8b0439c09	-	$SP/adj/A10-jlc-stackups/drafts/box/api/quoteform_4L_1.6_2oz_inner2_2026-09-25.json
WEB	6540	505347eb8d14686ccecd1fa12ebbc5ef4d15c6ba3602f585b7b214f0e1772ddc	-	$SP/adj/A10-jlc-stackups/drafts/box/js_excerpts_2026-09-25.txt
WEB	65020	6f8506fc900f97aa4fd092fd7c002753bf6a074e069d6e04a987e80364706a34	-	$SP/adj/A10-jlc-stackups/drafts/box/nuxt_impedance_2026-09-25.js
WEB	115838	bb41b7b4f674d4a01c51674a4f357cf4af8d9e77990776bca5a576322e5d21f1	-	$SP/adj/A10-jlc-stackups/drafts/box/nuxt_impedance_2026-09-25.json
WEB	135550	7591ee57475359c7e3ec755c40b395216e3bd6d7b7c96a5912e8bfa654e27364	-	$SP/adj/A10-jlc-stackups/drafts/box/raw_capabilities_pcb-capabilities_2026-09-25.html
WEB	75492	e95f10fc7268cbb43d3c87b99734ee387ba14db3c9ac465a3948e0c556e77bc3	-	$SP/adj/A10-jlc-stackups/drafts/box/raw_impcalc_2026-09-25.html
WEB	304582	5bebf199bbe2b4a203f827b78b6d730bee70d66f5d465ac1f24a8192cd36cc7e	-	$SP/adj/A10-jlc-stackups/drafts/box/raw_impedance_2026-09-25.html
WEB	180809	fb2c3cac346daf54791b30ef418a107d042c956980f742b3bda9d880b0900d7f	-	$SP/adj/A10-jlc-stackups/drafts/box/raw_quote_2026-09-25.html
WEB	17203	7daa6b0ae51d392b836ce4fdd812a4e3aa095212676fe987e95765755ecaa5c1	-	$SP/adj/A10-jlc-stackups/drafts/box/text_capabilities_2026-09-25.txt
WEB	15904	b9638896a095bf4762d6b0712b605d44fcc83581ba17bc4b8b4250dbabc6e40c	-	$SP/adj/A10-jlc-stackups/drafts/box/text_impedance_2026-09-25.txt
WEB	11445	c850728a4bc3d6c366f6d29a20d8b66af381d709c2859cb5df477ee0c2d85edc	-	$SP/adj/A10-jlc-stackups/drafts/box/text_pcba_capabilities_2026-09-25.txt
WEB	112154	6050fa84da8c806f1c627a7438ab7b6ec09c0d4a84f0339e5c4ebd869f6fad21	-	$SP/adj/A10-jlc-stackups/drafts/box/ui/impedance_4L_outer2oz_2026-09-25.png
WEB	11316	10239cd3a51bb100f8bb93bfed07cbcf9693ac611db372752489370b5bc1ecf1	-	$SP/adj/A10-jlc-stackups/drafts/box/ui/impedance_4L_outer2oz_rendered_2026-09-25.txt
WEB	12054	096ea7b58f835dbda3a3856ea80664956455f3f6b0908590055804f00f08ae48	-	$SP/adj/A10-jlc-stackups/drafts/box/ui/impedance_4L_outer2oz_xhr_2026-09-25.json
WEB	425044	1355cbfb1409a029e5d0086724ecdbd22c7674265837f35d0099247d56fbf3d3	-	$SP/adj/A10-jlc-stackups/drafts/box/ui/quote_8L_impedance_2026-09-25.png
WEB	3471	6bfa436cd117bf75c7f4829c19195a12bba6555e6ec956e1cae5cbfa7bcbe790	-	$SP/adj/A10-jlc-stackups/drafts/box/ui/quote_8L_impedance_2026-09-25.txt
WEB	185923	53d6aad43ac4438829376d14a24910400b874fecd5fec7e52958738c074eaa4c	-	$SP/adj/A10-jlc-stackups/drafts/box/ui/quote_8L_specify_stackup_2026-09-25.png
WEB	4607	9c31fa6b6555657943ed09ca7774cd374895779ad17958e4626a0649cf034898	-	$SP/adj/A10-jlc-stackups/drafts/box/ui/quote_8L_specify_stackup_2026-09-25.txt
WEB	113009	f92d585d901847c796409867bee0c7bf7472995fb77c2dce744b2cecb5f2b374	-	$SP/adj/A10-jlc-stackups/drafts/box/ui/quote_8L_specify_xhr_2026-09-25.json
WEB	56717	7f94a8a3ca33a36f5567a2034fc9f7b9730bb19a8269c41eceba453c45a234cf	-	$SP/adj/A10-jlc-stackups/drafts/box/ui/quote_8L_xhr_2026-09-25.json
WEB	3424	e4fc615f462cfbd325ebe2909289f14306eafd607ae43dc40e1513c0d4defc4d	-	$SP/adj/A10-jlc-stackups/drafts/box/ui/quote_initial_2026-09-25.txt
WEB	135521	ead15b831990a5862782c15ac65f74275f177c9a836d1b0ee1ee5711f74690cc	-	$SP/adj/A10-jlc-stackups/drafts/box/wayback_capabilities_20260913020451.html
WEB	17183	a4a60504d20b186f42ba3793d6d7f0420aa2b69c65ecec5fac36bcb194dac65b	-	$SP/adj/A10-jlc-stackups/drafts/box/wayback_capabilities_20260913020451.txt
NET	464101	21d6ff818d346f9ff317b725df70dbf23fb60ac2b326dc801b533b0b136c98ae	-	$SP/adj/A11-emcon-receive/drafts/box/pcb-a-power-a23/pcb-a-power.net
NET	1290812	82822fafec60d6b3e0ab233bfa22d78060738088322ef21879807018c9ded030	-	$SP/adj/A11-emcon-receive/drafts/box/pcb-b-compute-b19/pcb-b-compute.net
NET	230610	8d93205767f915374b16aa36eb4b99e60c54db29a42e434da8ca9f607af29cf1	-	$SP/adj/A11-emcon-receive/drafts/box/pcb-d-aprs-d9/pcb-d-aprs.net
SRC	6683	8b33411be7ebdcff693358b506c2cc63607722af1e3b373248d48ee4d975ba5d	-	$SP/adj/A11-emcon-receive/drafts/kernel/all/agg-rx.c
SRC	10242	1ef096e8e44b688d293a44c3724b22a764aab6187ed03d1f087d665394f1666b	-	$SP/adj/A11-emcon-receive/drafts/kernel/all/channel.c
SRC	2940	f0030927698a4b6f498b98bfb98246f5d1db545edb95c23fbdcadd3c309f84cc	-	$SP/adj/A11-emcon-receive/drafts/kernel/all/debugfs.c
SRC	28159	e07630bbc96b237c4696186b1e9ff30776404ac32401f8566c5165c9db61458e	-	$SP/adj/A11-emcon-receive/drafts/kernel/all/dma.c
SRC	5080	a566971580c731541a3d6a9dd278033d0367cab4b8c0160cc6cc6150bd9fb1c6	-	$SP/adj/A11-emcon-receive/drafts/kernel/all/dma.h
SRC	12957	fb4306f24e408ff356c1f94de71297e6106de82e227d5f6e80058c991535b2ab	-	$SP/adj/A11-emcon-receive/drafts/kernel/all/eeprom.c
SRC	58232	4a88a2105def248340f237377f698300478e1352dfc81a955e8a5e61f91d07df	-	$SP/adj/A11-emcon-receive/drafts/kernel/all/mac80211.c
SRC	3764	e0c3fc3323c0482afbd3a943676e5091e5832da4a1e2f711303183f886f4c79a	-	$SP/adj/A11-emcon-receive/drafts/kernel/all/mcu.c
SRC	2736	6e5f8bc468fa9d44cc191101e722ac3efd3f1051544797347af2eda663317d06	-	$SP/adj/A11-emcon-receive/drafts/kernel/all/mmio.c
SRC	57102	03e2749a481723bc9e4229bc51949c77b76ededffff4b066d2cbf53feecd933f	-	$SP/adj/A11-emcon-receive/drafts/kernel/all/mt76.h
SRC	6244	273ffc26ce26d80d00926cfea02606e233acc1ce93b2fad0f508ccfe4b2ab747	-	$SP/adj/A11-emcon-receive/drafts/kernel/all/mt7603_beacon.c
SRC	1649	f0a296d83da6f4a186ccf7179ad92f9dbf0aa28e72f68c220f5db7e4ef4a2c73	-	$SP/adj/A11-emcon-receive/drafts/kernel/all/mt7603_core.c
SRC	2988	f26d92ca460c79ab42398a7c1581359632371d8c5f312f020ec52877c6432760	-	$SP/adj/A11-emcon-receive/drafts/kernel/all/mt7603_debugfs.c
SRC	6257	f60a4558b2da285d3a0a39151dfc904fe0ea5011879f1b316e1b5893579bf4fb	-	$SP/adj/A11-emcon-receive/drafts/kernel/all/mt7603_dma.c
SRC	4010	daff310523458bc763e63b509d95ceaeca2f37dd7fc169d4b31ffe0772814afb	-	$SP/adj/A11-emcon-receive/drafts/kernel/all/mt7603_eeprom.c
SRC	2139	6c227a648e66c964633a3ff297b7b2e452e13e0653fe1de3ac2b20613a28421f	-	$SP/adj/A11-emcon-receive/drafts/kernel/all/mt7603_eeprom.h
SRC	15664	b63ba8ef7ed708a1cdc7d0589a14deca334e516b17d8ef8e534c5cde02021518	-	$SP/adj/A11-emcon-receive/drafts/kernel/all/mt7603_init.c
SRC	48958	2ddca5b165e98034a1bf5cd185b62f9af805d5cf970e79a54b1bff912397995a	-	$SP/adj/A11-emcon-receive/drafts/kernel/all/mt7603_mac.c
SRC	8088	61a6ccc374dc30c688c1e9809f7c506b05ab1c6d59283ef401f103042e24d13a	-	$SP/adj/A11-emcon-receive/drafts/kernel/all/mt7603_mac.h
SRC	21527	f9b64665d9a0e4d6442a768214c4bb96a8d293d0ed26127a9bb53a7308e2f1a2	-	$SP/adj/A11-emcon-receive/drafts/kernel/all/mt7603_main.c
SRC	10316	dfd00cceae0707dee26cb22c8af50931e3a9f9a81f8fefb0d1fec6ab49b05ed8	-	$SP/adj/A11-emcon-receive/drafts/kernel/all/mt7603_mcu.c
SRC	2291	088f8a3dd4cef85d95e85272361c39adb3410a8954e42dc8f3bea5e023347adb	-	$SP/adj/A11-emcon-receive/drafts/kernel/all/mt7603_mcu.h
SRC	7084	874883501692a10c496d8c8d5eac957a19e4bb164d74f3a811268a8765cbce01	-	$SP/adj/A11-emcon-receive/drafts/kernel/all/mt7603_mt7603.h
SRC	1803	1a1a908e62e8b236de21a3858807394a642c222e7e6c3c47cdaf81e61ce7e01f	-	$SP/adj/A11-emcon-receive/drafts/kernel/all/mt7603_pci.c
SRC	26433	3aa26615f30c1dfd6487ab407d12d63b4ff809f8d4b65b64465e308406baa0bc	-	$SP/adj/A11-emcon-receive/drafts/kernel/all/mt7603_regs.h
SRC	1740	4b0a6eac371cef2d7cf4a044d945337080cbf01b033f1a46ba08da4664d309cd	-	$SP/adj/A11-emcon-receive/drafts/kernel/all/mt7603_soc.c
SRC	13609	a4df88b37a7a55bd3992b88df5821a1ea9cc3f398bda4e9e4d9ca2a0b739e62f	-	$SP/adj/A11-emcon-receive/drafts/kernel/all/mt7615_debugfs.c
SRC	8346	bf5cdf550f6bfb753fbffd1949f0d10c951c3bc503133c11d2749e20b5bcb232	-	$SP/adj/A11-emcon-receive/drafts/kernel/all/mt7615_dma.c
SRC	7831	8104e2635218b7e0ad90d58dadc5cc3a4d9d303f02bc6337e7f2b27e6446197a	-	$SP/adj/A11-emcon-receive/drafts/kernel/all/mt7615_eeprom.c
SRC	2978	044ed494e48bdc938ef0368969cc69af2708f75525c2a825e4b469bb5ef81bb0	-	$SP/adj/A11-emcon-receive/drafts/kernel/all/mt7615_eeprom.h
SRC	18843	8e53dc894a98a58e7f4954b8f1619a9c8331e0053c3a92758292b73d25c3b5ea	-	$SP/adj/A11-emcon-receive/drafts/kernel/all/mt7615_init.c
SRC	61127	df1021163677b11d71afe33f11804260b9f633f9dc10add3a29f5d7a679d7ea3	-	$SP/adj/A11-emcon-receive/drafts/kernel/all/mt7615_mac.c
SRC	9738	0353206c7dbaa86a2c2ddb10da96d3a7a6638bd910629abb5159c916335f85b8	-	$SP/adj/A11-emcon-receive/drafts/kernel/all/mt7615_mac.h
SRC	35079	66aeb9371ffc167c3f6868ba0b7ca2eae0aaaf1e675bb17f2f199e0ec1dde8a6	-	$SP/adj/A11-emcon-receive/drafts/kernel/all/mt7615_main.c
SRC	64202	b4a9b618a6d6c1bd685b31423bb33ea12cb5caf323e0f69066125a94719e0763	-	$SP/adj/A11-emcon-receive/drafts/kernel/all/mt7615_mcu.c
SRC	4614	21c4204844ed33e610d7426149a93431e63d229300147a86ba2d255d1c8b37fd	-	$SP/adj/A11-emcon-receive/drafts/kernel/all/mt7615_mcu.h
SRC	6915	3153ef44a245c56807bde2639dae1dfde02523bec126a64544841fc6758550f6	-	$SP/adj/A11-emcon-receive/drafts/kernel/all/mt7615_mmio.c
SRC	16187	31958251e7769e7cf9b6154c8d19006d4b784e7858c71415eabe0b01a92f9465	-	$SP/adj/A11-emcon-receive/drafts/kernel/all/mt7615_mt7615.h
SRC	1229	590d460e20dfe5c60b873be241949186640bbb3d99c7afac971166530878a8de	-	$SP/adj/A11-emcon-receive/drafts/kernel/all/mt7615_mt7615_trace.h
SRC	4801	0c4361d12f887db4ad9c37ef4db9d3b85c6d43509e9c4564cae11f2e88f9ab81	-	$SP/adj/A11-emcon-receive/drafts/kernel/all/mt7615_pci.c
SRC	2807	2c65d0c8128a4682a9601b5c9686b3e1c91469863b8da3f82ec9e39ad9a4ddb5	-	$SP/adj/A11-emcon-receive/drafts/kernel/all/mt7615_pci_init.c
SRC	7679	8210523d448b57195080754e573e3834bcd28246d534f597fe921b627d52cb38	-	$SP/adj/A11-emcon-receive/drafts/kernel/all/mt7615_pci_mac.c
SRC	21764	a325c0704ab0adadfd67d79bd2774ccc89920501d9d35eb0fed5e80961821111	-	$SP/adj/A11-emcon-receive/drafts/kernel/all/mt7615_regs.h
SRC	6498	954dc4c6906198bb09d8136929af08e845b2e8ec5160fa53aa4ee5730e1197da	-	$SP/adj/A11-emcon-receive/drafts/kernel/all/mt7615_sdio.c
SRC	4387	d2df956a0cab248fd99f5c77dec4c8c54770b9b39bb763cc4b993bd58bc8d7ef	-	$SP/adj/A11-emcon-receive/drafts/kernel/all/mt7615_sdio_mcu.c
SRC	1606	b4ea9f7f03b30152799d0c29485db8913fe07dbc8257f230f45aee20e8cde14c	-	$SP/adj/A11-emcon-receive/drafts/kernel/all/mt7615_soc.c
SRC	9362	57dfb1075884a49baa337ab5e56435cfb8a67c6b891840d7623b192dd69f7c1b	-	$SP/adj/A11-emcon-receive/drafts/kernel/all/mt7615_testmode.c
SRC	224	6c1f3bceec753f7ad7052be0104e91feadb1f740b5df83eac61aa2e97b986721	-	$SP/adj/A11-emcon-receive/drafts/kernel/all/mt7615_trace.c
SRC	7032	b2da815fca6575d94061c31cd52798fe3000297005a1228620c099274ced1a92	-	$SP/adj/A11-emcon-receive/drafts/kernel/all/mt7615_usb.c
SRC	2248	9015d89a3cd87e94fb59baa807ca991a31f91f62856e58a4b7e562ca84be1f09	-	$SP/adj/A11-emcon-receive/drafts/kernel/all/mt7615_usb_mcu.c
SRC	10165	0be377cbbbc4fdc65971af990b809d6c7fd748a63e65836bde9b96f0e39a1f80	-	$SP/adj/A11-emcon-receive/drafts/kernel/all/mt7615_usb_sdio.c
SRC	11837	fef14ff63ab1a098b8fe90b5c2e28811cf7fcaf78a7bf5753818b05acf2414b0	-	$SP/adj/A11-emcon-receive/drafts/kernel/all/mt76_connac.h
SRC	11182	2a0a4bfe2aa5085d8976f69cbb135f0cde7b41eaa39cfbb83901ee2f30b22162	-	$SP/adj/A11-emcon-receive/drafts/kernel/all/mt76_connac2_mac.h
SRC	8931	35b486476783f35e1b3d3d8d65dd01480f52e0d6fc7b6e9002461007660c1e86	-	$SP/adj/A11-emcon-receive/drafts/kernel/all/mt76_connac3_mac.c
SRC	13706	65f970c7a5cd1868b047ce536710f0b103ea31d5f7dd7c9456b109fda204ecd2	-	$SP/adj/A11-emcon-receive/drafts/kernel/all/mt76_connac3_mac.h
SRC	33237	d93fe180202e8ee6b3a4dc5926a5e1760a1f1dfaa9ec6eebe46c95bc918ea37e	-	$SP/adj/A11-emcon-receive/drafts/kernel/all/mt76_connac_mac.c
SRC	95013	52472fd20bc0a1d744f3eee7a28b7205609e160c479a9da1ec5afa4528e389ec	-	$SP/adj/A11-emcon-receive/drafts/kernel/all/mt76_connac_mcu.c
SRC	51683	2448b6c145f17397a717965eadf50c591934902f0b09684d37a8b0ae290b31ed	-	$SP/adj/A11-emcon-receive/drafts/kernel/all/mt76_connac_mcu.h
SRC	7571	7928dbc9fd6e5bee52609c2ca0be8c6c2acab55f6bedbbbc63756115554a5704	-	$SP/adj/A11-emcon-receive/drafts/kernel/all/mt76x02.h
SRC	5509	36be2a6a54218be36612ddd6dc6b71360c964b820a2f960238e501244686cdc8	-	$SP/adj/A11-emcon-receive/drafts/kernel/all/mt76x02_beacon.c
SRC	4236	318f659595806a7c8a4f4c68bafb31efef4b0bc1b581383678cc6e806f606ab6	-	$SP/adj/A11-emcon-receive/drafts/kernel/all/mt76x02_debugfs.c
SRC	24354	cea9d17d6202fe0905c686845b628cbb82bbab6493c97f3774f2f55dea9c2c3e	-	$SP/adj/A11-emcon-receive/drafts/kernel/all/mt76x02_dfs.c
SRC	2994	d1b5a0854b3d0437070144568bc3c6ef109437f3d7c6c01a79974f47077273de	-	$SP/adj/A11-emcon-receive/drafts/kernel/all/mt76x02_dfs.h
SRC	1781	b6d4a9fd8065a15d2cbf9a1dc2c6c03befde15a68c9b79aef01a8476bc6d4e0d	-	$SP/adj/A11-emcon-receive/drafts/kernel/all/mt76x02_dma.h
SRC	3445	310a56c74589e73f1063b2868a0aceeace8def725beb56a84fc3ccaa392b6f7d	-	$SP/adj/A11-emcon-receive/drafts/kernel/all/mt76x02_eeprom.c
SRC	4967	1a44c40f4d371b378d1ca0ca7a8cbaa0d26161bc793e5d2606111baf0693df10	-	$SP/adj/A11-emcon-receive/drafts/kernel/all/mt76x02_eeprom.h
SRC	31769	180316def100462305d508bc0381290cf24b3304968df1dd21347dcbd6f72ac6	-	$SP/adj/A11-emcon-receive/drafts/kernel/all/mt76x02_mac.c
SRC	5947	6ec15db56b1d6d14226c69b0bb914d4d3a717f567bce3b4dd46b2d9a8d78b8ff	-	$SP/adj/A11-emcon-receive/drafts/kernel/all/mt76x02_mac.h
SRC	3961	efb613169cbdace3805667d40e070f2fa493477d1870986976eb9b2905afb428	-	$SP/adj/A11-emcon-receive/drafts/kernel/all/mt76x02_mcu.c
SRC	2396	c3ddcc21b769075913709a387e3b041ac22f3e4a180d914729b80773bee4741d	-	$SP/adj/A11-emcon-receive/drafts/kernel/all/mt76x02_mcu.h
SRC	14094	3d2e231ec58352833db39365a8f4a601841b25721f97f86eff0a367ce0f0b6ab	-	$SP/adj/A11-emcon-receive/drafts/kernel/all/mt76x02_mmio.c
SRC	5164	c724af8bd5907ea7efc5c25300027ee8a50a1a78080be307eac52753059f30a2	-	$SP/adj/A11-emcon-receive/drafts/kernel/all/mt76x02_phy.c
SRC	1355	b974adfc276cd4ff8d7b6090e86a34eb4f83e154494497de3046e3df9ede2df0	-	$SP/adj/A11-emcon-receive/drafts/kernel/all/mt76x02_phy.h
SRC	22111	a75b36645b29e69db0627d9a16f776cad0e4000b6944a31183ef644d0398aefb	-	$SP/adj/A11-emcon-receive/drafts/kernel/all/mt76x02_regs.h
SRC	216	1da87878c4c79223253b4ac6e2d9d525537c9f8802182fd570256898ea6c7702	-	$SP/adj/A11-emcon-receive/drafts/kernel/all/mt76x02_trace.c
SRC	1882	85dd3dd84b8724134c7c02fcd56d96e80a033ce447f94c70cc5f91d77284759f	-	$SP/adj/A11-emcon-receive/drafts/kernel/all/mt76x02_trace.h
SRC	5048	9dd095055a9c7cd9c5b2f422364191331ee853483600cc1dc709a83a9a957e6d	-	$SP/adj/A11-emcon-receive/drafts/kernel/all/mt76x02_txrx.c
SRC	960	056fadd06a3b7cf94e6faf571c124d27fa26b40009741559e1db15379c1452bf	-	$SP/adj/A11-emcon-receive/drafts/kernel/all/mt76x02_usb.h
SRC	7750	30d443f153df0eaae7b32632a5acc6f82a44dd3240f2acd833bd2eaf1ebf7511	-	$SP/adj/A11-emcon-receive/drafts/kernel/all/mt76x02_usb_core.c
SRC	6744	8f36e7b7e3b135425289b7566e8951c43155f6f901b1652338ceec3deea36764	-	$SP/adj/A11-emcon-receive/drafts/kernel/all/mt76x02_usb_mcu.c
SRC	19501	a5b34a2517f8adfacee5b8f357217de186f603c294ed63b0a144bb7d5bb08155	-	$SP/adj/A11-emcon-receive/drafts/kernel/all/mt76x02_util.c
SRC	8586	0493df28d2975bf1dee85b2146eaaa2f4a8550e21005f77daa1c8d054b23a6bc	-	$SP/adj/A11-emcon-receive/drafts/kernel/all/mt76x0_eeprom.c
SRC	1004	585c5091db86c924e20536a2b2a101bd27f52a77859300f6fae4e27e6b4bb387	-	$SP/adj/A11-emcon-receive/drafts/kernel/all/mt76x0_eeprom.h
SRC	6470	a81c977a50f7c8ac62eb416f3245fb3c471e558e58d099ac7747465995be5f6a	-	$SP/adj/A11-emcon-receive/drafts/kernel/all/mt76x0_init.c
SRC	3995	396bd681bc7f7d3a04f0a04aa38f9419c3483ef9fe7e075e78c4db799002e1fc	-	$SP/adj/A11-emcon-receive/drafts/kernel/all/mt76x0_initvals.h
SRC	5218	8c93c4d814f4b09102dc413fc882d923e96aca1dd1df397edf8aa9013c64c7b7	-	$SP/adj/A11-emcon-receive/drafts/kernel/all/mt76x0_initvals_init.h
SRC	47646	5a1f239a47c22f2d5ac58c806fbf93d36a4f0467dea9d4faee6e9bab4be5d0f6	-	$SP/adj/A11-emcon-receive/drafts/kernel/all/mt76x0_initvals_phy.h
SRC	2348	17b77d347311ee341ecbea4679fa73df82874bc3267434bb14ef71855dbce161	-	$SP/adj/A11-emcon-receive/drafts/kernel/all/mt76x0_main.c
SRC	944	adf3deb577d2724f38057b1dfec52f13588b35536d19b93c2367103ba19acbc2	-	$SP/adj/A11-emcon-receive/drafts/kernel/all/mt76x0_mcu.h
SRC	1793	9220e3e4ef90374ee9adbf19910b53041cc8c7b8b0052d570fbc27dc6db79a4e	-	$SP/adj/A11-emcon-receive/drafts/kernel/all/mt76x0_mt76x0.h
SRC	8254	ebfdc7b7cde1782c534d9c15644e9f82a0cf19b0c38b4dd3add2b8bfb1fa1613	-	$SP/adj/A11-emcon-receive/drafts/kernel/all/mt76x0_pci.c
SRC	3293	73848ae0658b08e95cd130ac7ae78f0e998a7572d39a226fff82bbe8700116a6	-	$SP/adj/A11-emcon-receive/drafts/kernel/all/mt76x0_pci_mcu.c
SRC	30150	bd3d8a5425e4d0738d077728d8ea62687a7914ae26b36e69199bc34a4effc745	-	$SP/adj/A11-emcon-receive/drafts/kernel/all/mt76x0_phy.c
SRC	2316	78684d608144054cf1f2803a3db20845c465fe4a1164352481f23fa96bd5cdf7	-	$SP/adj/A11-emcon-receive/drafts/kernel/all/mt76x0_phy.h
SRC	9611	045a5b45a2ae7c45098b9e6272c82cc5ac5c9867a6c80d9174decf00ea3deb2e	-	$SP/adj/A11-emcon-receive/drafts/kernel/all/mt76x0_usb.c
SRC	4188	4a96d932d063769f22653ccd3fbdfd46b04f7a844b9d9fc6d13b0adca7777579	-	$SP/adj/A11-emcon-receive/drafts/kernel/all/mt76x0_usb_mcu.c
SRC	12987	b9c031e0d28b1202a5d29d480c3fa7d43dff9ed4469004fcbdcc70df752d643f	-	$SP/adj/A11-emcon-receive/drafts/kernel/all/mt76x2_eeprom.c
SRC	1852	6ba80854ca9fd42bee7f900a977eab65fde4cef219a1e917dbbb5efc33e81c92	-	$SP/adj/A11-emcon-receive/drafts/kernel/all/mt76x2_eeprom.h
SRC	5858	d356f6d90cb2171272a4885fb4d5f4e9a607f06ec084babb9c5025b8f3f83e77	-	$SP/adj/A11-emcon-receive/drafts/kernel/all/mt76x2_init.c
SRC	1098	0f05775b3c16f2eb47ec6c5222a7d6dff5df5245601ff0bb86a8c31f43bfe7fa	-	$SP/adj/A11-emcon-receive/drafts/kernel/all/mt76x2_mac.c
SRC	462	ae756c67245b9340c8b127318ea213354b2845b7267b4d47641b9d17e565baa7	-	$SP/adj/A11-emcon-receive/drafts/kernel/all/mt76x2_mac.h
SRC	2446	a3f670f8495a2a2bbc3c1fc4d04ba889605c008bb065fae55df985081e93c2b0	-	$SP/adj/A11-emcon-receive/drafts/kernel/all/mt76x2_mcu.c
SRC	1325	e79ffd1bde72c5697d58fc09855467b59b5a4980f0eb66f9990c465e0dad9042	-	$SP/adj/A11-emcon-receive/drafts/kernel/all/mt76x2_mcu.h
SRC	2672	5f5f9275c7ea42f0d9548a26d2215907a4f93e1722c5935bc37924fda55e6aa7	-	$SP/adj/A11-emcon-receive/drafts/kernel/all/mt76x2_mt76x2.h
SRC	1280	a13d7be785b1451eaae0b8c4de25ba99f6463baa567c4856cacb7ae4a66d79d1	-	$SP/adj/A11-emcon-receive/drafts/kernel/all/mt76x2_mt76x2u.h
SRC	4359	6fdad74f35752a6ffce79c2534ce90db14be27b5b6bd14c69a38478ac31c489c	-	$SP/adj/A11-emcon-receive/drafts/kernel/all/mt76x2_pci.c
SRC	6815	cc7e0bf940fbe73b8177ba57e18a26a7cdd247b1f39607909458e6beecac9831	-	$SP/adj/A11-emcon-receive/drafts/kernel/all/mt76x2_pci_init.c
SRC	4100	f8d635c0fe9d5eb79389de180a55d113d3c8251cca80aa1874b6330ec61ff9c3	-	$SP/adj/A11-emcon-receive/drafts/kernel/all/mt76x2_pci_main.c
SRC	4543	aa036efe21cb65211ae326106be94c656a15826af426ab514fb7e646cf16b432	-	$SP/adj/A11-emcon-receive/drafts/kernel/all/mt76x2_pci_mcu.c
SRC	7896	c2675faa3935362050b2f8c09bd37609946c4898c10e0dfa83c34c2700bdd500	-	$SP/adj/A11-emcon-receive/drafts/kernel/all/mt76x2_pci_phy.c
SRC	9076	c987a2049fe5d9e303db632a76b2f8aec35384619d37fa43159e6432b545b4f2	-	$SP/adj/A11-emcon-receive/drafts/kernel/all/mt76x2_phy.c
SRC	4150	6e6292552a4b3a8f9a9e773d226c0255042d84203ff19e8621fb7650e60c02fd	-	$SP/adj/A11-emcon-receive/drafts/kernel/all/mt76x2_usb.c
SRC	6081	798fc2779c5a2ad0645fc7e98affdef68325727e66fa39dd2192246042b5af5c	-	$SP/adj/A11-emcon-receive/drafts/kernel/all/mt76x2_usb_init.c
SRC	4238	64f3bbb14bcb65feb69430a524dde2d3207b982f0cb51c688be03f562684a588	-	$SP/adj/A11-emcon-receive/drafts/kernel/all/mt76x2_usb_mac.c
SRC	3144	c3c7285092c0d3bf45a8d0c1f0ca6b2b63f63f93fe2dc9e18d03c2d4fe74a769	-	$SP/adj/A11-emcon-receive/drafts/kernel/all/mt76x2_usb_main.c
SRC	6375	e6a394f2415dce91e5acf54b374214465773f2e773bb2875c5be9a38f8c81bf8	-	$SP/adj/A11-emcon-receive/drafts/kernel/all/mt76x2_usb_mcu.c
SRC	5518	bf3d05bf41930314ebd81b3d5c826801bc6ccefe97ee0e8ecf3dda9b706144ed	-	$SP/adj/A11-emcon-receive/drafts/kernel/all/mt76x2_usb_phy.c
SRC	10233	9f277d3e935c5d3b52dde7b2f8e9ea3f36d9f942ac3191f35a7ad29ab3afd54b	-	$SP/adj/A11-emcon-receive/drafts/kernel/all/mt7915_coredump.c
SRC	2279	1137b968a1d35af1682ed84a2497bb21a38c170925e1e6fae2509a7103245059	-	$SP/adj/A11-emcon-receive/drafts/kernel/all/mt7915_coredump.h
SRC	39434	744554b1e189e0b0e6a6bf206e0aceb174bcd19c3e24dabb87f90c2bcc50c0a6	-	$SP/adj/A11-emcon-receive/drafts/kernel/all/mt7915_debugfs.c
SRC	18468	a18a38f4ce28ed56b1f4f08a7d78e621c420349c929e8d3abd9736c1e5d0701a	-	$SP/adj/A11-emcon-receive/drafts/kernel/all/mt7915_dma.c
SRC	9862	586867c35256fc8c205dd7382bcf1017bc889e9bc957d645ed3091f2a7e65f81	-	$SP/adj/A11-emcon-receive/drafts/kernel/all/mt7915_eeprom.c
SRC	4868	fcc3a7b587a9637625d70bf49da03477b2a8e8d16f89e08d2bfe80d0586006ae	-	$SP/adj/A11-emcon-receive/drafts/kernel/all/mt7915_eeprom.h
SRC	36701	12daef8bdbf474cd6216872a704acab0457a62fa69d2d098cb1092d277e825f9	-	$SP/adj/A11-emcon-receive/drafts/kernel/all/mt7915_init.c
SRC	63495	80e14fed6319ec74fd89a342296013a3a975888d71c17fce4246cfc9336816d8	-	$SP/adj/A11-emcon-receive/drafts/kernel/all/mt7915_mac.c
SRC	2001	388f5eb38dc177c9d11b90126f5e83b4f29fb461e3a3d5e2f51705ffc5d26f18	-	$SP/adj/A11-emcon-receive/drafts/kernel/all/mt7915_mac.h
SRC	48952	c5a947dfcdb76d42628ff0edf489817f1bd199c03715fb993ed59b2566622fcc	-	$SP/adj/A11-emcon-receive/drafts/kernel/all/mt7915_main.c
SRC	108231	e3cc6c75c355e7e2ede45f946113dc1371b7652f3fb3a740581503b434ebeb2d	-	$SP/adj/A11-emcon-receive/drafts/kernel/all/mt7915_mcu.c
SRC	9772	0a1228da16dca76463bd45ccb1008057953b639fb748fad20cc9882f1e7f783c	-	$SP/adj/A11-emcon-receive/drafts/kernel/all/mt7915_mcu.h
SRC	31571	dd35b89de4155860d90260afc378ccca79ad5d615257d83f90ce57f689d7f9ee	-	$SP/adj/A11-emcon-receive/drafts/kernel/all/mt7915_mmio.c
SRC	19134	b11e1fc5910e4a7035fa180cd996d4bf10d751481aa0a197b64188e7901700a5	-	$SP/adj/A11-emcon-receive/drafts/kernel/all/mt7915_mt7915.h
SRC	5277	e768c6775a821aa89aea1119bf1ab7918faf99793ba653f99ddaa8c9a57853b1	-	$SP/adj/A11-emcon-receive/drafts/kernel/all/mt7915_pci.c
SRC	43134	e4f250f818cdcb48f4024870f4da445846b20225dd6bb7dd79191c460e54d3c6	-	$SP/adj/A11-emcon-receive/drafts/kernel/all/mt7915_regs.h
SRC	32131	414fb5ff8104ddb82b1beef1283ce63e8437620368b5c9e9840e02c348cd2445	-	$SP/adj/A11-emcon-receive/drafts/kernel/all/mt7915_soc.c
SRC	19538	831d809978e51479bb47993fc008f44c06a8b668b421f0a7dc93db88e5187929	-	$SP/adj/A11-emcon-receive/drafts/kernel/all/mt7915_testmode.c
SRC	1466	281e77f35361b116f83fcd51a32b40cb082dd324e06a1bf4157ee5457e53d502	-	$SP/adj/A11-emcon-receive/drafts/kernel/all/mt7915_testmode.h
SRC	7384	c4af304df91dad2c16629ae73d38cb0ec176bf69e743b658a35eb5c705b8dab7	-	$SP/adj/A11-emcon-receive/drafts/kernel/all/mt7921_debugfs.c
SRC	6571	784d38fdd6ee621fe188e7d3e5253c675f80eda8f5420af0c5e861a71bf8c3c5	-	$SP/adj/A11-emcon-receive/drafts/kernel/all/mt7921_init.c
SRC	22302	c0181ddb14ec01b5a81116cd5fde2eb8cb6c7285336f09382cf99f0c0678d510	-	$SP/adj/A11-emcon-receive/drafts/kernel/all/mt7921_mac.c
SRC	44234	c32e0debf40160f8c332efcd7cdffc554db56081edd76add5072be7e3b5f7eee	-	$SP/adj/A11-emcon-receive/drafts/kernel/all/mt7921_main.c
SRC	36276	3b356eeef80727c27ad5f179e277a9d434297d14ac6df8297c98f4ce445e91b6	-	$SP/adj/A11-emcon-receive/drafts/kernel/all/mt7921_mcu.c
SRC	1906	b5ce3ab4d77fb541b1c52f478bf0d7ed4c289daa41e72b0bc3c9105d3a9e39ca	-	$SP/adj/A11-emcon-receive/drafts/kernel/all/mt7921_mcu.h
SRC	9661	370d21968a2fd423f4b745be820e83d06f336b17913616da487551a52797baab	-	$SP/adj/A11-emcon-receive/drafts/kernel/all/mt7921_mt7921.h
SRC	20984	271c5d4e04f28b9508d700c986a3a797d8d6e78f2b6f9fa7611df145a1614ff1	-	$SP/adj/A11-emcon-receive/drafts/kernel/all/mt7921_pci.c
SRC	3029	e32ba68b2dbc5d01419872bc849640e0a8fad3c7c1f1f5c78b5a1888d5991680	-	$SP/adj/A11-emcon-receive/drafts/kernel/all/mt7921_pci_mac.c
SRC	1441	3245b5e72efb6913a99a20dcaae14c5f5748fc0b2ac8f47c4b43fb17e4c0057b	-	$SP/adj/A11-emcon-receive/drafts/kernel/all/mt7921_pci_mcu.c
SRC	9774	ff8dff80f80f9a610cb04b8502437dd7eb6c6f5f5b6fe0f28a3289fbbadf192b	-	$SP/adj/A11-emcon-receive/drafts/kernel/all/mt7921_regd.c
SRC	1456	b2ebb3f36c480488878ae3347300cbf5da197f02ddbc67ebde40c376e6ad492d	-	$SP/adj/A11-emcon-receive/drafts/kernel/all/mt7921_regd.h
SRC	2875	4a7633c0304b8db77c4fd6c5b2786dd6af08b7ae2331a8b31757b9750173cf1c	-	$SP/adj/A11-emcon-receive/drafts/kernel/all/mt7921_regs.h
SRC	8562	c322cf92bce563f4a22e002e2ceb228ba97ccfc0da44817b5826fc2d9c195ab0	-	$SP/adj/A11-emcon-receive/drafts/kernel/all/mt7921_sdio.c
SRC	4720	c53e32f46535287ecff41ddd0e09c3b984a3647c9e235f657f7d00d164e67b21	-	$SP/adj/A11-emcon-receive/drafts/kernel/all/mt7921_sdio_mac.c
SRC	4187	007e374239df5e79e2c10c88b2dad0914959ba69a147767bde8bf62b52f51bbf	-	$SP/adj/A11-emcon-receive/drafts/kernel/all/mt7921_sdio_mcu.c
SRC	4382	a281683aa6aa31ec38e7b80f6ef36bdf49762fb8bb05a876a5d00c2afcb2d679	-	$SP/adj/A11-emcon-receive/drafts/kernel/all/mt7921_testmode.c
SRC	8358	d1eec9aef71b1e306d8084406ba449ad6e9c270a925ad02307ace61aaf2c1b09	-	$SP/adj/A11-emcon-receive/drafts/kernel/all/mt7921_usb.c
SRC	8256	5f1a478b568f52b1bb0c4a3b3776d501a669c72719246a706a96e495c3747a2f	-	$SP/adj/A11-emcon-receive/drafts/kernel/all/mt7925_debugfs.c
SRC	8208	9463c70eebaa7156d427c914aee04568eca2a564b230cc7928474b81ed1698cb	-	$SP/adj/A11-emcon-receive/drafts/kernel/all/mt7925_init.c
SRC	44418	ea98a2dc001c2d1d07cf51451a8cbe81d703d61a6dd7237c4d6d97b7782192f7	-	$SP/adj/A11-emcon-receive/drafts/kernel/all/mt7925_mac.c
SRC	649	df86c480aae92400e8b9aab55997d6643ec9b118a07387230ed0b5c6901484eb	-	$SP/adj/A11-emcon-receive/drafts/kernel/all/mt7925_mac.h
SRC	75710	f4bbb8e7e16282647ecd4432742988c924653848518cda0e4d8ee06376b83307	-	$SP/adj/A11-emcon-receive/drafts/kernel/all/mt7925_main.c
SRC	106929	cca76caa6429584b0b37f2772f5132e754a9e26b71660fb0e362ead4ee01dde6	-	$SP/adj/A11-emcon-receive/drafts/kernel/all/mt7925_mcu.c
SRC	14962	35855f4cdc673a7562241afd618fdd73fc181d210127e3ca2f762f3199cbc772	-	$SP/adj/A11-emcon-receive/drafts/kernel/all/mt7925_mcu.h
SRC	11416	b6fec2103954269927b44b095944120dd22a5a0503fa8930e49a8ecc044844dc	-	$SP/adj/A11-emcon-receive/drafts/kernel/all/mt7925_mt7925.h
SRC	27916	ab288e2c3b4b5df674bf5b5bec9c8972f837d93f9182ff8599796a8ba55f1453	-	$SP/adj/A11-emcon-receive/drafts/kernel/all/mt7925_nan.c
SRC	9897	17a56aeca063d766c496f329efc16fa184ce7e8be5482639c9fbc936c4937763	-	$SP/adj/A11-emcon-receive/drafts/kernel/all/mt7925_nan.h
SRC	30339	82a03775d716db6f65e0dc25960a19773e08f8a31aeb77cb91a30fe1da508937	-	$SP/adj/A11-emcon-receive/drafts/kernel/all/mt7925_pci.c
SRC	3815	6cd36e9132df84d040e72c96b1b5a25f340dc876f76476fbad862ee53370d844	-	$SP/adj/A11-emcon-receive/drafts/kernel/all/mt7925_pci_mac.c
SRC	1188	9569a85ab5888050b4afef34a061d555c41b89835f6ed38c8f1d5ceff3b7d290	-	$SP/adj/A11-emcon-receive/drafts/kernel/all/mt7925_pci_mcu.c
SRC	11545	c867565f575aa316c89f80f79c6c1ff10c55f5814b75e0887dd2fdb465c2b400	-	$SP/adj/A11-emcon-receive/drafts/kernel/all/mt7925_regd.c
SRC	1565	031fae20b4386c643c9d60c95feec091a4f6f454c2df1aca434c15d0f9b46315	-	$SP/adj/A11-emcon-receive/drafts/kernel/all/mt7925_regd.h
SRC	5261	5232f74ab0c131ec36084ddd6a44b231b1cc7a1c6171a26f21e5949060a8fdab	-	$SP/adj/A11-emcon-receive/drafts/kernel/all/mt7925_regs.h
SRC	4780	4490a51ef77c36ca6d267f10c656d251c440e1335a735833392d81ba5b583a39	-	$SP/adj/A11-emcon-receive/drafts/kernel/all/mt7925_testmode.c
SRC	8534	6c37c1dc7781fa10996f45457211ff7f329274280ed6aec0108a914fcd8f3b36	-	$SP/adj/A11-emcon-receive/drafts/kernel/all/mt7925_usb.c
SRC	18622	8e235c73c8c155e1aba21e4e871a921319c1e670c76ef913faaf9ba72d13111d	-	$SP/adj/A11-emcon-receive/drafts/kernel/all/mt792x.h
SRC	10984	3ba63146481564ed240d425e5c8b769fdfa065b214965b5ef384fab7e438c934	-	$SP/adj/A11-emcon-receive/drafts/kernel/all/mt792x_acpi_sar.c
SRC	2172	4637fb8a0d2a0fb5a92b757fe010f3d756c37338b81fc99b33e55062121160e7	-	$SP/adj/A11-emcon-receive/drafts/kernel/all/mt792x_acpi_sar.h
SRC	30770	6bbd6b23ef25cf30fdc6c8a1396850dfdfd2b5e876a7ca85a1a89b641f9cb716	-	$SP/adj/A11-emcon-receive/drafts/kernel/all/mt792x_core.c
SRC	3898	fdcc4a1073249ba8ba814da844e3e6c8cdd3b52ea7ea4833705a52499cda1d17	-	$SP/adj/A11-emcon-receive/drafts/kernel/all/mt792x_debugfs.c
SRC	18724	8c017d74ba5890665b4f38ad694d9dcde5c680b4683b0d07fbfce61b4a98098e	-	$SP/adj/A11-emcon-receive/drafts/kernel/all/mt792x_dma.c
SRC	11009	472d899597f5da141a9fba4d9d38d202cd8ac13ba53677e2e527f0b4e1884a45	-	$SP/adj/A11-emcon-receive/drafts/kernel/all/mt792x_mac.c
SRC	20303	6c3d946ff97e6952d8ff702cc0f74c6cc77f64c2e04129d1fdd2ed0024869557	-	$SP/adj/A11-emcon-receive/drafts/kernel/all/mt792x_regs.h
SRC	265	51ed221c69360dba08dd2bad1ee55bdce8a63f35d7b0597e601de98c688a542e	-	$SP/adj/A11-emcon-receive/drafts/kernel/all/mt792x_trace.c
SRC	1067	aa0be46aba529442ee69e9babff2a3447ab426c587978c358085e574894822e8	-	$SP/adj/A11-emcon-receive/drafts/kernel/all/mt792x_trace.h
SRC	13604	4ee1cb199afdee713c64ed8718b1fe1f8a0bd3e9bef3f5dd5ca7b2df09836024	-	$SP/adj/A11-emcon-receive/drafts/kernel/all/mt792x_usb.c
SRC	6405	15820a81d1094c974458b5fa9b7eed5bb4332c4c5373901614266fee67d9dbcd	-	$SP/adj/A11-emcon-receive/drafts/kernel/all/mt7996_coredump.c
SRC	1758	b1cb082b9ad1c88d6e1cda013c4325f7c0ef672136e284bb7b209f16d0d6ace5	-	$SP/adj/A11-emcon-receive/drafts/kernel/all/mt7996_coredump.h
SRC	28279	4f2803aad4e93ef1dc3ccbf87cc28f75512d098c2cc04ef2b2680c428ee30b06	-	$SP/adj/A11-emcon-receive/drafts/kernel/all/mt7996_debugfs.c
SRC	32146	b78f3fc83da48c7ab5d10ed2165b238517e3b784eec7e6ca288b5b20937cac50	-	$SP/adj/A11-emcon-receive/drafts/kernel/all/mt7996_dma.c
SRC	10485	ac6f66ce4eb7dc7357f76b9240e4c92a737fcc14030f9593994e17505d3d3180	-	$SP/adj/A11-emcon-receive/drafts/kernel/all/mt7996_eeprom.c
SRC	1890	40e8790353796fd1d41c3ca6d2577ce4c8422cf6d4a3af8b9d7c64739288f0bf	-	$SP/adj/A11-emcon-receive/drafts/kernel/all/mt7996_eeprom.h
SRC	52724	fa24a46045e821273ec6c6e827d2bca82582a430915cd6c9dc9d046a7db018c5	-	$SP/adj/A11-emcon-receive/drafts/kernel/all/mt7996_init.c
SRC	86481	c7ea3ff7e176ae2c828650c5a6a6c41aa3606b5876ed226028349b352cf96d80	-	$SP/adj/A11-emcon-receive/drafts/kernel/all/mt7996_mac.c
SRC	658	885c22aea5b8c4d7d4b56a34389987235f1876ba76fbea09a7d07822aaf62035	-	$SP/adj/A11-emcon-receive/drafts/kernel/all/mt7996_mac.h
SRC	68797	2ca405347dcfe527dd9ed669c6d505d9075ba7b6aeeaa024fa8a668adb24cb16	-	$SP/adj/A11-emcon-receive/drafts/kernel/all/mt7996_main.c
SRC	141363	507df488ed8865e76a388582b4468d23143704ed24f6d90d89b015db56b49393	-	$SP/adj/A11-emcon-receive/drafts/kernel/all/mt7996_mcu.c
SRC	17667	b9979d0f43bfb8787fb590e11e75e4aa8ecd3a59a380c27136bbc05aee1a37f0	-	$SP/adj/A11-emcon-receive/drafts/kernel/all/mt7996_mcu.h
SRC	28703	55c3a93f551d9b4fa371e3fe14f6c5c104e4394324eecce9c35c3dc2395313b6	-	$SP/adj/A11-emcon-receive/drafts/kernel/all/mt7996_mmio.c
SRC	29540	381a7f4f03ed759b6992c1dfbcd717d26b1aed5778adfcc4974d751cdc1fee17	-	$SP/adj/A11-emcon-receive/drafts/kernel/all/mt7996_mt7996.h
SRC	15643	d70dc1953576c134c8732edb92efd2a8d18e5dbba35435cb230f98ce448b6b5e	-	$SP/adj/A11-emcon-receive/drafts/kernel/all/mt7996_npu.c
SRC	6319	5e5b18aefc1b170022ada5399baaf20c9ec012e6edb9768c58c98bb44843c592	-	$SP/adj/A11-emcon-receive/drafts/kernel/all/mt7996_pci.c
SRC	28920	55f08a5dc6ea586e9a50c07f8932f2316e0e888ef9aa3e4125e1f25cccba20a7	-	$SP/adj/A11-emcon-receive/drafts/kernel/all/mt7996_regs.h
SRC	12304	94a4b598780baef35360f492b48cfcb137883774f19bb1dba970838cdeb66605	-	$SP/adj/A11-emcon-receive/drafts/kernel/all/npu.c
SRC	1962	279dc1beb4f7ddaa242bbd2ce0dc642d5b618b669c142de754fbad42146f24fe	-	$SP/adj/A11-emcon-receive/drafts/kernel/all/pci.c
SRC	6024	bf1a652173986d35661a4a21b9cfc3e9dfd36366cd58e8b6d8618e10634c3979	-	$SP/adj/A11-emcon-receive/drafts/kernel/all/scan.c
SRC	14773	3de7ad4bbc1e58f1956a1cf17bd34903102e751690c7daa9c7f503b14a47b9c8	-	$SP/adj/A11-emcon-receive/drafts/kernel/all/sdio.c
SRC	4125	7b6d61bc930caad7224c0e06c852cea8b05da4a9e0e09a006bb4854779e58e8b	-	$SP/adj/A11-emcon-receive/drafts/kernel/all/sdio.h
SRC	8919	1248c4c97fb6b3fc64688032bc96628edee82a3747ead568edaa4eafdac583b1	-	$SP/adj/A11-emcon-receive/drafts/kernel/all/sdio_txrx.c
SRC	17207	6439bb1b39e7e664c140e01da250cfede36bb041d8262817d14060a7da45f9fe	-	$SP/adj/A11-emcon-receive/drafts/kernel/all/testmode.c
SRC	5862	bba73a5836668577b036fab693b77cadb17185adb503522dae7602e50e3e53ba	-	$SP/adj/A11-emcon-receive/drafts/kernel/all/testmode.h
SRC	290	17648d4e38c69263a589487236a4575e576d66ab1519bb0046666c8119571b78	-	$SP/adj/A11-emcon-receive/drafts/kernel/all/trace.c
SRC	2333	cfcb8fd3b53657cd638e63709fa69bf28453113d979065094316f3f70f8c96e0	-	$SP/adj/A11-emcon-receive/drafts/kernel/all/trace.h
SRC	23961	8c499d16529f90b47d34472d15f4090276242ce6890450ce8b2a91078a6e2695	-	$SP/adj/A11-emcon-receive/drafts/kernel/all/tx.c
SRC	27375	b2937654db0ac439d6046f76105a2f723c52c94349132ac31b66506649849008	-	$SP/adj/A11-emcon-receive/drafts/kernel/all/usb.c
SRC	231	64f2443eafccf5e08b157088659c8de8df0939b19eed9dd50222bf4ddf0a1ec3	-	$SP/adj/A11-emcon-receive/drafts/kernel/all/usb_trace.c
SRC	2001	d8fff4af3d744d42d3cd6fd07ef2525bc0f356f7879bc3f767d1d2165fd7199f	-	$SP/adj/A11-emcon-receive/drafts/kernel/all/usb_trace.h
SRC	2470	9d0a6a93f4b4835e1cacaa4261345eafef5fe1813a138925ba95cc6d0899caf4	-	$SP/adj/A11-emcon-receive/drafts/kernel/all/util.c
SRC	2130	dba70f715637a146b3472ef01846eb5d170f48e0e1d539934377849c836c4c63	-	$SP/adj/A11-emcon-receive/drafts/kernel/all/util.h
SRC	33560	17a1bb915f136f4ed0dcf41aceb6aa7f31ed2813f0b42b6095337e5207322c2b	-	$SP/adj/A11-emcon-receive/drafts/kernel/head.json
SRC	3086	771b6e5ec24e0c47a4c53736da9bc3fafa9cecd36f49e49429b4d4281c955b9e	-	$SP/adj/A11-emcon-receive/drafts/kernel/mt76_files.txt
SRC	58232	4a88a2105def248340f237377f698300478e1352dfc81a955e8a5e61f91d07df	-	$SP/adj/A11-emcon-receive/drafts/kernel/mt76_mac80211.c
SRC	57102	03e2749a481723bc9e4229bc51949c77b76ededffff4b066d2cbf53feecd933f	-	$SP/adj/A11-emcon-receive/drafts/kernel/mt76_mt76.h
SRC	67416	b3becdfdbf68fd3378468659b8ba6b877702131e0dd8ac4e7cc578c043a4ea51	-	$SP/adj/A11-emcon-receive/drafts/kernel/mt76_tree.json
SRC	9862	586867c35256fc8c205dd7382bcf1017bc889e9bc957d645ed3091f2a7e65f81	-	$SP/adj/A11-emcon-receive/drafts/kernel/mt7915_eeprom.c
SRC	36701	12daef8bdbf474cd6216872a704acab0457a62fa69d2d098cb1092d277e825f9	-	$SP/adj/A11-emcon-receive/drafts/kernel/mt7915_init.c
SRC	63495	80e14fed6319ec74fd89a342296013a3a975888d71c17fce4246cfc9336816d8	-	$SP/adj/A11-emcon-receive/drafts/kernel/mt7915_mac.c
SRC	48952	c5a947dfcdb76d42628ff0edf489817f1bd199c03715fb993ed59b2566622fcc	-	$SP/adj/A11-emcon-receive/drafts/kernel/mt7915_main.c
SRC	108231	e3cc6c75c355e7e2ede45f946113dc1371b7652f3fb3a740581503b434ebeb2d	-	$SP/adj/A11-emcon-receive/drafts/kernel/mt7915_mcu.c
SRC	31571	dd35b89de4155860d90260afc378ccca79ad5d615257d83f90ce57f689d7f9ee	-	$SP/adj/A11-emcon-receive/drafts/kernel/mt7915_mmio.c
SRC	19134	b11e1fc5910e4a7035fa180cd996d4bf10d751481aa0a197b64188e7901700a5	-	$SP/adj/A11-emcon-receive/drafts/kernel/mt7915_mt7915.h
SRC	5277	e768c6775a821aa89aea1119bf1ab7918faf99793ba653f99ddaa8c9a57853b1	-	$SP/adj/A11-emcon-receive/drafts/kernel/mt7915_pci.c
SRC	22085	43ca5b2443918902bae755abcba598776eeadb67f4287792b0752291f0dd9520	-	$SP/adj/A11-emcon-receive/drafts/kernel/tree.json
MAKER	4674	dec2f7b996404588f4a50bf3ae8c36ec54977ff5fdbca1ef4500bc988597a9bc	-	$SP/adj/A11-emcon-receive/drafts/vendor/asiarf-AW7915-AED-datasheet.txt
MAKER	122355	429ef814b81dbed7080ed836c1eea541ef25ff94d6d1b3636e282004f0833567	-	$SP/adj/A11-emcon-receive/drafts/vendor/cm5-datasheet.txt
MAKER	26907	a81c34304798ee711b9e987c18499325569c16dbe3f03874186509406301174b	-	$SP/adj/A11-emcon-receive/drafts/vendor/ebyte-e22-900m30s-user-manual-en-v1.20.txt
MAKER	30965	c9d58b39a42f2536c89a4bee7d516f5b4d3ce724df2bdf72a3826f1f07d44638	-	$SP/adj/A11-emcon-receive/drafts/vendor/ebyte-e72-2g4m20s1e-user-manual.txt
MAKER	242147	e1869bdb216c67148f51bc99bf70382bbea26162fc7c430e6b836ef291ef2752	-	$SP/adj/A11-emcon-receive/drafts/vendor/g6k_p6-06.png
MAKER	120306	fc1ed836562831017034f80ec07854883b7085e6f05661cf72738eeed0f43738	-	$SP/adj/A11-emcon-receive/drafts/vendor/g6k_p6_crop.png
MAKER	59824	f1146105a3c09ebcf786d217fbf0053f8e6df3c5192efcf666e731281be4c4f1	-	$SP/adj/A11-emcon-receive/drafts/vendor/lime_intro.html
MAKER	52871	e734487fb9efd8435ee0e15853cfb96321f88c00631273ea19a544bcbccae553	-	$SP/adj/A11-emcon-receive/drafts/vendor/lime_power.html
MAKER	454	d24379a49a2051dd8af70da14ad73b3c854854a08204f71af51947ef0d4b88a8	-	$SP/adj/A11-emcon-receive/drafts/vendor/limesdr-mini-2v4-drawings.txt
MAKER	175812	a351fa6e557379d50013f83502f8d7b6bd577490ffeb710f3756491978e1edbc	-	$SP/adj/A11-emcon-receive/drafts/vendor/lm5176-datasheet.txt
MAKER	27987	0e8e079c6b42b074c6afd9be40b2516b9020172eaf7090298dcbf7fa0f9ff178	-	$SP/adj/A11-emcon-receive/drafts/vendor/nicerf-sa868-datasheet-v1.3.txt
MAKER	120044	0f588eae6047ebf71cc92ff344c2c9fff84fabe329cfa7e48a2bd4ca45caef6a	-	$SP/adj/A11-emcon-receive/drafts/vendor/omron-g6k-signal-relay.txt
MAKER	283949	b8414609bed00f9ae252a2f076e49b2862516c9aff789aeabe74b0d7d8213243	-	$SP/adj/A11-emcon-receive/drafts/vendor/qmx-operating-manual-1_04_004.txt
MAKER	189611	f2728f74aafbaa06162f9a8f7755c96fc31e5a673fbda3bee895e5cbb6f7bc61	-	$SP/adj/A11-emcon-receive/drafts/vendor/quectel-rm520n-gl-hardware-design-v1.0.txt
MAKER	222182	eb10ff9c371ef15ec745b249b908435c56549fe2aff823ec05a90eb6406f2517	-	$SP/adj/A11-emcon-receive/drafts/vendor/quectel-rm520n-series-hardware-design-v1.1.txt
MAKER	50642	696d3481f0670ef78a4d39f848e69a012af3906ba348c4508a4ac7f1ff3fe493	-	$SP/adj/A11-emcon-receive/drafts/vendor/ra30h1317m1-datasheet.txt
MAKER	4355	36ef1244cc3c2319df0263a762daab9e76205955076d2f7935d86c4c3b83e6ce	-	$SP/adj/A11-emcon-receive/drafts/vendor/rb9704-datasheet-RB9704-001-JUN26.txt
MAKER	75908	5f9f5f7de7913db5fb67acc96437e3cb44e6477c0cf3c62c5f728e1613cc8bd0	-	$SP/adj/A11-emcon-receive/drafts/vendor/rb9704-sch-2B1.txt
MAKER	134058	70f1db9b7970edcc53b3c6d6056994f92ea38978f59de155b38b8af1ff98cc3c	-	$SP/adj/A11-emcon-receive/drafts/vendor/ti-tps22810-load-switch.txt
MAKER	170954	0ceca34c11a68e227baeb2bd1da925305b66d3eac3292c4934844622f3685b7f	-	$SP/adj/A11-emcon-receive/drafts/vendor/tps2596.txt
