board,phase,ref,part,value_netlist,value_board,lcsc,lcsc_source,lcsc_record,polarity,symbol,footprint,netlist_pins,board_pads,cathode_pad_on_footprint,expected,orientation_verdict,symbol_verdict,board_line
A,A32,D1,SMCJ18A,SMCJ18A (VBAT clamp),SMCJ18A,C374030,netlist,Littelfuse SMCJ18A (Unidirectional),"UNIDIRECTIONAL (A suffix; CA = bidirectional: Vishay 88392/88394 rev 09-Jan-2024, Littelfuse SMCJ rev 11/20/15)",Device:D_TVS,Diode_SMD:D_SMC,"{""1"": ""VBAT"", ""2"": ""GND""}","{""1"": ""VBAT"", ""2"": ""GND""}",1,cathode (pad 1) on VBAT,CORRECT,"WRONG (Device:D_TVS is 'Bidirectional', pins A1/A2, no cathode; a unidirectional part needs a K/A symbol)",pcb-a-power-a23/pcb-a-power.kicad_pcb:17051
A,A32,D2,SMCJ40A,SMCJ40A (VIN_RAW clamp behind E6's filter: 40 V standoff on a line specified to 36),SMCJ33A,C224052,netlist,Littelfuse SMCJ40A (Unidirectional),"UNIDIRECTIONAL (A suffix; CA = bidirectional: Vishay 88392/88394 rev 09-Jan-2024, Littelfuse SMCJ rev 11/20/15)",Device:D_TVS,Diode_SMD:D_SMC,"{""1"": ""VIN_RAW"", ""2"": ""GND""}","{""1"": ""VIN_RAW"", ""2"": ""GND""}",1,cathode (pad 1) on VIN_RAW,CORRECT,"WRONG (Device:D_TVS is 'Bidirectional', pins A1/A2, no cathode; a unidirectional part needs a K/A symbol)",pcb-a-power-a23/pcb-a-power.kicad_pcb:24926
A,A32,D3,SMBJ5.0A,SMBJ5.0A,SMBJ5.0A,C113974,lcsc_fill.py,MDD(Microdiode Semiconductor) SMBJ5.0A (Unidirectional),"UNIDIRECTIONAL (A suffix; CA = bidirectional: Vishay 88392/88394 rev 09-Jan-2024, Littelfuse SMCJ rev 11/20/15)",Device:D_TVS,Diode_SMD:D_SMB,"{""1"": ""+3V3"", ""2"": ""GND""}","{""1"": ""+3V3"", ""2"": ""GND""}",1,cathode (pad 1) on +3V3,CORRECT,"WRONG (Device:D_TVS is 'Bidirectional', pins A1/A2, no cathode; a unidirectional part needs a K/A symbol)",pcb-a-power-a23/pcb-a-power.kicad_pcb:52711
A,A32,D4,SMBJ18A,SMBJ18A (VBUS clamp at the outlet),SMBJ18A,C151256,lcsc_fill.py,Littelfuse SMBJ18A (Unidirectional),"UNIDIRECTIONAL (A suffix; CA = bidirectional: Vishay 88392/88394 rev 09-Jan-2024, Littelfuse SMCJ rev 11/20/15)",Device:D_TVS,Diode_SMD:D_SMB,"{""1"": ""PD_VBUS"", ""2"": ""GND""}","{""1"": ""PD_VBUS"", ""2"": ""GND""}",1,cathode (pad 1) on PD_VBUS,CORRECT,"WRONG (Device:D_TVS is 'Bidirectional', pins A1/A2, no cathode; a unidirectional part needs a K/A symbol)",pcb-a-power-a23/pcb-a-power.kicad_pcb:4309
A,A32,U29,USBLC6-2SC6,USBLC6-2SC6,USBLC6-2SC6,C7519,netlist,ST USBLC6-2SC6 (Unidirectional),array (ST DS4260 Rev 7 pinout),Power_Protection:USBLC6-2SC6,Package_TO_SOT_SMD:SOT-23-6,"{""5"": ""+5V_DEV"", ""3"": ""USB_WALL_N"", ""4"": ""USB_WALL_N"", ""1"": ""USB_WALL_P"", ""6"": ""USB_WALL_P"", ""2"": ""GND""}","{""1"": ""USB_WALL_P"", ""2"": ""GND"", ""3"": ""USB_WALL_N"", ""4"": ""USB_WALL_N"", ""5"": ""+5V_DEV"", ""6"": ""USB_WALL_P""}",n/a,"pin2 GND, pin5 VBUS supply, pins 1=6 and 3=4 I/O",PIN MAP OK,OK,pcb-a-power-a23/pcb-a-power.kicad_pcb:37386
B,B21,D1,SMBJ5.0A,SMBJ5.0A,SMBJ5.0A,C113974,lcsc_fill.py,MDD(Microdiode Semiconductor) SMBJ5.0A (Unidirectional),"UNIDIRECTIONAL (A suffix; CA = bidirectional: Vishay 88392/88394 rev 09-Jan-2024, Littelfuse SMCJ rev 11/20/15)",Device:D_TVS,Diode_SMD:D_SMB,"{""1"": ""+5V_DEV"", ""2"": ""GND""}","{""1"": ""+5V_DEV"", ""2"": ""GND""}",1,cathode (pad 1) on +5V_DEV,CORRECT,"WRONG (Device:D_TVS is 'Bidirectional', pins A1/A2, no cathode; a unidirectional part needs a K/A symbol)",pcb-b-compute-b19/pcb-b-compute.kicad_pcb:62081
B,B21,D2,SMBJ58A,SMBJ58A,SMBJ58A,C135085,netlist,DIODES SMBJ58A-13-F (Unidirectional),"UNIDIRECTIONAL (A suffix; CA = bidirectional: Vishay 88392/88394 rev 09-Jan-2024, Littelfuse SMCJ rev 11/20/15)",Device:D_TVS,Diode_SMD:D_SMB,"{""1"": ""+54V_POE"", ""2"": ""GND""}","{""1"": ""+54V_POE"", ""2"": ""GND""}",1,cathode (pad 1) on +54V_POE,CORRECT,"WRONG (Device:D_TVS is 'Bidirectional', pins A1/A2, no cathode; a unidirectional part needs a K/A symbol)",pcb-b-compute-b19/pcb-b-compute.kicad_pcb:9801
B,B21,D101,SMBJ6.0A,SMBJ6.0A (6.0 V standoff on the 5.1 V slot rail),SMBJ6.0A,C83270,netlist,Littelfuse SMBJ6.0A (Unidirectional),"UNIDIRECTIONAL (A suffix; CA = bidirectional: Vishay 88392/88394 rev 09-Jan-2024, Littelfuse SMCJ rev 11/20/15)",Device:D_TVS,Diode_SMD:D_SMB,"{""1"": ""+5V_S1"", ""2"": ""GND""}","{""1"": ""+5V_S1"", ""2"": ""GND""}",1,cathode (pad 1) on +5V_S1,CORRECT,"WRONG (Device:D_TVS is 'Bidirectional', pins A1/A2, no cathode; a unidirectional part needs a K/A symbol)",pcb-b-compute-b19/pcb-b-compute.kicad_pcb:20278
B,B21,D201,SMBJ6.0A,SMBJ6.0A (6.0 V standoff on the 5.1 V slot rail),SMBJ6.0A,C83270,netlist,Littelfuse SMBJ6.0A (Unidirectional),"UNIDIRECTIONAL (A suffix; CA = bidirectional: Vishay 88392/88394 rev 09-Jan-2024, Littelfuse SMCJ rev 11/20/15)",Device:D_TVS,Diode_SMD:D_SMB,"{""1"": ""+5V_S2"", ""2"": ""GND""}","{""1"": ""+5V_S2"", ""2"": ""GND""}",1,cathode (pad 1) on +5V_S2,CORRECT,"WRONG (Device:D_TVS is 'Bidirectional', pins A1/A2, no cathode; a unidirectional part needs a K/A symbol)",pcb-b-compute-b19/pcb-b-compute.kicad_pcb:81725
B,B21,D301,SMBJ6.0A,SMBJ6.0A (6.0 V standoff on the 5.1 V slot rail),SMBJ6.0A,C83270,netlist,Littelfuse SMBJ6.0A (Unidirectional),"UNIDIRECTIONAL (A suffix; CA = bidirectional: Vishay 88392/88394 rev 09-Jan-2024, Littelfuse SMCJ rev 11/20/15)",Device:D_TVS,Diode_SMD:D_SMB,"{""1"": ""+5V_S3"", ""2"": ""GND""}","{""1"": ""+5V_S3"", ""2"": ""GND""}",1,cathode (pad 1) on +5V_S3,CORRECT,"WRONG (Device:D_TVS is 'Bidirectional', pins A1/A2, no cathode; a unidirectional part needs a K/A symbol)",pcb-b-compute-b19/pcb-b-compute.kicad_pcb:80773
B,B21,U29,USBLC6-2SC6,USBLC6-2SC6,USBLC6-2SC6,C7519,netlist,ST USBLC6-2SC6 (Unidirectional),array (ST DS4260 Rev 7 pinout),Power_Protection:USBLC6-2SC6,Package_TO_SOT_SMD:SOT-23-6,"{""5"": ""+3V3_DEV"", ""3"": ""USB_WALL_N"", ""4"": ""USB_WALL_N"", ""1"": ""USB_WALL_P"", ""6"": ""USB_WALL_P"", ""2"": ""GND""}","{""1"": ""USB_WALL_P"", ""2"": ""GND"", ""3"": ""USB_WALL_N"", ""4"": ""USB_WALL_N"", ""5"": ""+3V3_DEV"", ""6"": ""USB_WALL_P""}",n/a,"pin2 GND, pin5 VBUS supply, pins 1=6 and 3=4 I/O",PIN MAP OK,OK,pcb-b-compute-b19/pcb-b-compute.kicad_pcb:78695
B,B21,U33,USBLC6-2SC6,USBLC6-2SC6,USBLC6-2SC6,C7519,netlist,ST USBLC6-2SC6 (Unidirectional),array (ST DS4260 Rev 7 pinout),Power_Protection:USBLC6-2SC6,Package_TO_SOT_SMD:SOT-23-6,"{""5"": ""+5V_LIME"", ""3"": ""LIME_DM"", ""4"": ""LIME_DM"", ""1"": ""LIME_DP"", ""6"": ""LIME_DP"", ""2"": ""GND""}","{""1"": ""LIME_DP"", ""2"": ""GND"", ""3"": ""LIME_DM"", ""4"": ""LIME_DM"", ""5"": ""+5V_LIME"", ""6"": ""LIME_DP""}",n/a,"pin2 GND, pin5 VBUS supply, pins 1=6 and 3=4 I/O",PIN MAP OK,OK,pcb-b-compute-b19/pcb-b-compute.kicad_pcb:90064
B,B21,U34,USBLC6-2SC6,USBLC6-2SC6,USBLC6-2SC6,C7519,netlist,ST USBLC6-2SC6 (Unidirectional),array (ST DS4260 Rev 7 pinout),Power_Protection:USBLC6-2SC6,Package_TO_SOT_SMD:SOT-23-6,"{""5"": ""+5V_CAM"", ""3"": ""CAM_DM"", ""4"": ""CAM_DM"", ""1"": ""CAM_DP"", ""6"": ""CAM_DP"", ""2"": ""GND""}","{""1"": ""CAM_DP"", ""2"": ""GND"", ""3"": ""CAM_DM"", ""4"": ""CAM_DM"", ""5"": ""+5V_CAM"", ""6"": ""CAM_DP""}",n/a,"pin2 GND, pin5 VBUS supply, pins 1=6 and 3=4 I/O",PIN MAP OK,OK,pcb-b-compute-b19/pcb-b-compute.kicad_pcb:106179
B,B21,U35,USBLC6-2SC6,USBLC6-2SC6,USBLC6-2SC6,C7519,netlist,ST USBLC6-2SC6 (Unidirectional),array (ST DS4260 Rev 7 pinout),Power_Protection:USBLC6-2SC6,Package_TO_SOT_SMD:SOT-23-6,"{""3"": ""QMX_DM"", ""4"": ""QMX_DM"", ""1"": ""QMX_DP"", ""6"": ""QMX_DP"", ""5"": ""VBUS_QMX"", ""2"": ""GND""}","{""1"": ""QMX_DP"", ""2"": ""GND"", ""3"": ""QMX_DM"", ""4"": ""QMX_DM"", ""5"": ""VBUS_QMX"", ""6"": ""QMX_DP""}",n/a,"pin2 GND, pin5 VBUS supply, pins 1=6 and 3=4 I/O",PIN MAP OK,OK,pcb-b-compute-b19/pcb-b-compute.kicad_pcb:93466
B,B21,U37,USBLC6-2SC6,USBLC6-2SC6,USBLC6-2SC6,C7519,netlist,ST USBLC6-2SC6 (Unidirectional),array (ST DS4260 Rev 7 pinout),Power_Protection:USBLC6-2SC6,Package_TO_SOT_SMD:SOT-23-6,"{""5"": ""+3V3_DEV"", ""3"": ""USB_PNL_N"", ""4"": ""USB_PNL_N"", ""1"": ""USB_PNL_P"", ""6"": ""USB_PNL_P"", ""2"": ""GND""}","{""1"": ""USB_PNL_P"", ""2"": ""GND"", ""3"": ""USB_PNL_N"", ""4"": ""USB_PNL_N"", ""5"": ""+3V3_DEV"", ""6"": ""USB_PNL_P""}",n/a,"pin2 GND, pin5 VBUS supply, pins 1=6 and 3=4 I/O",PIN MAP OK,OK,pcb-b-compute-b19/pcb-b-compute.kicad_pcb:75898
B,B21,U107,USBLC6-2SC6,USBLC6-2SC6,USBLC6-2SC6,C7519,netlist,ST USBLC6-2SC6 (Unidirectional),array (ST DS4260 Rev 7 pinout),Power_Protection:USBLC6-2SC6,Package_TO_SOT_SMD:SOT-23-6,"{""3"": ""USB_OTG_N1"", ""4"": ""USB_OTG_N1"", ""1"": ""USB_OTG_P1"", ""6"": ""USB_OTG_P1"", ""5"": ""VBUS_FLASH1"", ""2"": ""GND""}","{""1"": ""USB_OTG_P1"", ""2"": ""GND"", ""3"": ""USB_OTG_N1"", ""4"": ""USB_OTG_N1"", ""5"": ""VBUS_FLASH1"", ""6"": ""USB_OTG_P1""}",n/a,"pin2 GND, pin5 VBUS supply, pins 1=6 and 3=4 I/O",PIN MAP OK,OK,pcb-b-compute-b19/pcb-b-compute.kicad_pcb:36803
B,B21,U207,USBLC6-2SC6,USBLC6-2SC6,USBLC6-2SC6,C7519,netlist,ST USBLC6-2SC6 (Unidirectional),array (ST DS4260 Rev 7 pinout),Power_Protection:USBLC6-2SC6,Package_TO_SOT_SMD:SOT-23-6,"{""3"": ""USB_OTG_N2"", ""4"": ""USB_OTG_N2"", ""1"": ""USB_OTG_P2"", ""6"": ""USB_OTG_P2"", ""5"": ""VBUS_FLASH2"", ""2"": ""GND""}","{""1"": ""USB_OTG_P2"", ""2"": ""GND"", ""3"": ""USB_OTG_N2"", ""4"": ""USB_OTG_N2"", ""5"": ""VBUS_FLASH2"", ""6"": ""USB_OTG_P2""}",n/a,"pin2 GND, pin5 VBUS supply, pins 1=6 and 3=4 I/O",PIN MAP OK,OK,pcb-b-compute-b19/pcb-b-compute.kicad_pcb:13540
B,B21,U307,USBLC6-2SC6,USBLC6-2SC6,USBLC6-2SC6,C7519,netlist,ST USBLC6-2SC6 (Unidirectional),array (ST DS4260 Rev 7 pinout),Power_Protection:USBLC6-2SC6,Package_TO_SOT_SMD:SOT-23-6,"{""3"": ""USB_OTG_N3"", ""4"": ""USB_OTG_N3"", ""1"": ""USB_OTG_P3"", ""6"": ""USB_OTG_P3"", ""5"": ""VBUS_FLASH3"", ""2"": ""GND""}","{""1"": ""USB_OTG_P3"", ""2"": ""GND"", ""3"": ""USB_OTG_N3"", ""4"": ""USB_OTG_N3"", ""5"": ""VBUS_FLASH3"", ""6"": ""USB_OTG_P3""}",n/a,"pin2 GND, pin5 VBUS supply, pins 1=6 and 3=4 I/O",PIN MAP OK,OK,pcb-b-compute-b19/pcb-b-compute.kicad_pcb:16610
C,C24,D17,BAT54,BAT54 lamp-test tie,BAT54,C7502705,netlist,R+O BAT54W (Standalone),rectifier (K = symbol pin 1),Device:D_Schottky,Diode_SMD:D_SOD-123,"{""2"": ""TX_K"", ""1"": ""TX_LAMPTEST""}","{""1"": ""TX_LAMPTEST"", ""2"": ""TX_K""}",1,cathode (pad 1) on TX_LAMPTEST: PANEL.md:85 'TX_LAMPTEST (output): low lights the TX lamp through the BAT54 tie D17',CORRECT,OK (K = pin 1),pcb-c-display-c8/pcb-c-display.kicad_pcb:27570
C,C24,D19,SS2040FL,SS2040FL: EPD_SW -> VGH,SS2040FL:,C268712,lcsc_fill.py,PANJIT SS2040FL (1 Independent),rectifier (K = symbol pin 1),Device:D_Schottky,Diode_SMD:D_SOD-123F,"{""1"": ""EPD_SW"", ""2"": ""EPD_VGH""}","{""1"": ""EPD_SW"", ""2"": ""EPD_VGH""}",1,"cathode (pad 1) on EPD_VGH: PDi EPD Driving Circuit Rev.02 p.3 figure: SS2040FL anode on the L1/MOSFET switch node, cathode on VGH (pin 21) with 1uF to GND",REVERSED,OK (K = pin 1),pcb-c-display-c8/pcb-c-display.kicad_pcb:1029
C,C24,D20,SS2040FL,SS2040FL: pump clamp,SS2040FL:,C268712,lcsc_fill.py,PANJIT SS2040FL (1 Independent),rectifier (K = symbol pin 1),Device:D_Schottky,Diode_SMD:D_SOD-123F,"{""1"": ""EPD_PUMP"", ""2"": ""GND""}","{""1"": ""EPD_PUMP"", ""2"": ""GND""}",1,"cathode (pad 1) on GND: PDi Rev.02 p.3 figure: pump diode anode on the pump node, cathode on GND",REVERSED,OK (K = pin 1),pcb-c-display-c8/pcb-c-display.kicad_pcb:3640
C,C24,D21,SS2040FL,SS2040FL: pump -> VGL,SS2040FL:,C268712,lcsc_fill.py,PANJIT SS2040FL (1 Independent),rectifier (K = symbol pin 1),Device:D_Schottky,Diode_SMD:D_SOD-123F,"{""2"": ""EPD_PUMP"", ""1"": ""EPD_VGL""}","{""1"": ""EPD_VGL"", ""2"": ""EPD_PUMP""}",1,"cathode (pad 1) on EPD_PUMP: PDi Rev.02 p.3 figure: VGL diode cathode on the pump node, anode on VGL (pin 23, 'Negative Gate driving voltage', p.7)",REVERSED,OK (K = pin 1),pcb-c-display-c8/pcb-c-display.kicad_pcb:5522
C,C24,U6,USBLC6-2SC6,USBLC6-2SC6,USBLC6-2SC6,C7519,netlist,ST USBLC6-2SC6 (Unidirectional),array (ST DS4260 Rev 7 pinout),Power_Protection:USBLC6-2SC6,Package_TO_SOT_SMD:SOT-23-6,"{""5"": ""+3V3"", ""3"": ""USB_PNL_N"", ""4"": ""USB_PNL_N"", ""1"": ""USB_PNL_P"", ""6"": ""USB_PNL_P"", ""2"": ""GND""}","{""1"": ""USB_PNL_P"", ""2"": ""GND"", ""3"": ""USB_PNL_N"", ""4"": ""USB_PNL_N"", ""5"": ""+3V3"", ""6"": ""USB_PNL_P""}",n/a,"pin2 GND, pin5 VBUS supply, pins 1=6 and 3=4 I/O",PIN MAP OK,OK,pcb-c-display-c8/pcb-c-display.kicad_pcb:29780
C,C24,U7,USBLC6-2SC6,USBLC6-2SC6,USBLC6-2SC6,C7519,netlist,ST USBLC6-2SC6 (Unidirectional),array (ST DS4260 Rev 7 pinout),Power_Protection:USBLC6-2SC6,Package_TO_SOT_SMD:SOT-23-6,"{""5"": ""+3V3"", ""3"": ""SCL"", ""4"": ""SCL"", ""1"": ""SDA"", ""6"": ""SDA"", ""2"": ""GND""}","{""1"": ""SDA"", ""2"": ""GND"", ""3"": ""SCL"", ""4"": ""SCL"", ""5"": ""+3V3"", ""6"": ""SDA""}",n/a,"pin2 GND, pin5 VBUS supply, pins 1=6 and 3=4 I/O",PIN MAP OK,OK,pcb-c-display-c8/pcb-c-display.kicad_pcb:30116
C,C24,U8,USBLC6-2SC6,USBLC6-2SC6,USBLC6-2SC6,C7519,netlist,ST USBLC6-2SC6 (Unidirectional),array (ST DS4260 Rev 7 pinout),Power_Protection:USBLC6-2SC6,Package_TO_SOT_SMD:SOT-23-6,"{""5"": ""+3V3"", ""3"": ""EXP_INT"", ""4"": ""EXP_INT"", ""1"": ""TR_APRS"", ""6"": ""TR_APRS"", ""2"": ""GND""}","{""1"": ""TR_APRS"", ""2"": ""GND"", ""3"": ""EXP_INT"", ""4"": ""EXP_INT"", ""5"": ""+3V3"", ""6"": ""TR_APRS""}",n/a,"pin2 GND, pin5 VBUS supply, pins 1=6 and 3=4 I/O",PIN MAP OK,OK,pcb-c-display-c8/pcb-c-display.kicad_pcb:18721
C,C24,U10,USBLC6-2SC6,USBLC6-2SC6,USBLC6-2SC6,C7519,netlist,ST USBLC6-2SC6 (Unidirectional),array (ST DS4260 Rev 7 pinout),Power_Protection:USBLC6-2SC6,Package_TO_SOT_SMD:SOT-23-6,"{""5"": ""+3V3"", ""1"": ""MAINSW_A2"", ""6"": ""MAINSW_A2"", ""3"": ""MAINSW_B2"", ""4"": ""MAINSW_B2"", ""2"": ""GND""}","{""1"": ""MAINSW_A2"", ""2"": ""GND"", ""3"": ""MAINSW_B2"", ""4"": ""MAINSW_B2"", ""5"": ""+3V3"", ""6"": ""MAINSW_A2""}",n/a,"pin2 GND, pin5 VBUS supply, pins 1=6 and 3=4 I/O",PIN MAP OK,OK,pcb-c-display-c8/pcb-c-display.kicad_pcb:27092
C,C24,U11,USBLC6-2SC6,USBLC6-2SC6,USBLC6-2SC6,C7519,netlist,ST USBLC6-2SC6 (Unidirectional),array (ST DS4260 Rev 7 pinout),Power_Protection:USBLC6-2SC6,Package_TO_SOT_SMD:SOT-23-6,"{""5"": ""+3V3"", ""1"": ""PIJ2_A2"", ""6"": ""PIJ2_A2"", ""3"": ""PIJ2_B2"", ""4"": ""PIJ2_B2"", ""2"": ""GND""}","{""1"": ""PIJ2_A2"", ""2"": ""GND"", ""3"": ""PIJ2_B2"", ""4"": ""PIJ2_B2"", ""5"": ""+3V3"", ""6"": ""PIJ2_A2""}",n/a,"pin2 GND, pin5 VBUS supply, pins 1=6 and 3=4 I/O",PIN MAP OK,OK,pcb-c-display-c8/pcb-c-display.kicad_pcb:16047
D,D12,D1,SMBJ5.0A,SMBJ5.0A,SMBJ5.0A,C113974,lcsc_fill.py,MDD(Microdiode Semiconductor) SMBJ5.0A (Unidirectional),"UNIDIRECTIONAL (A suffix; CA = bidirectional: Vishay 88392/88394 rev 09-Jan-2024, Littelfuse SMCJ rev 11/20/15)",Device:D_TVS,Diode_SMD:D_SMB,"{""2"": ""+5V_D8"", ""1"": ""GND""}","{""1"": ""GND"", ""2"": ""+5V_D8""}",1,cathode (pad 1) on +5V_D8,REVERSED,"WRONG (Device:D_TVS is 'Bidirectional', pins A1/A2, no cathode; a unidirectional part needs a K/A symbol)",pcb-d-aprs-d9/pcb-d-aprs.kicad_pcb:3062
D,D12,D2,1N4148W,1N4148W coil flyback,1N4148W,,netlist,TBD (no LCSC record),rectifier (K = symbol pin 1),Diode:1N4148W,Diode_SMD:D_SOD-123,"{""1"": ""+5V_D8"", ""2"": ""RLY_K""}","{""1"": ""+5V_D8"", ""2"": ""RLY_K""}",1,"cathode (pad 1) on +5V_D8: relay flyback: K1 coil pin 1 on +5V_D8, pin 8 RLY_K switched low by Q2 (gen_sch_d.py:286-288)",CORRECT,OK (K = pin 1),pcb-d-aprs-d9/pcb-d-aprs.kicad_pcb:30097
D,D12,D9,PESD5V0S1BA,PESD5V0S1BA bidirectional ESD clamp at the jack: headset 1 speaker,ABSENT,C19224,netlist,"Nexperia PESD5V0S1BA,115 (Bidirectional)",BIDIRECTIONAL (Nexperia PESD5V0S1BA v.6 2024-04-26; LCSC C19224 'Bidirectional'),Device:D_TVS,Diode_SMD:D_SOD-323,"{""2"": ""HS1_SPK"", ""1"": ""GND""}",ABSENT on D12,"1 (library D_SOD-323/D_SMC land, not on this board)",either pad,N/A (bidirectional),OK (D_TVS is the bidirectional symbol),
D,D12,D10,PESD5V0S1BA,PESD5V0S1BA bidirectional ESD clamp at the jack: headset 1 microphone,ABSENT,C19224,netlist,"Nexperia PESD5V0S1BA,115 (Bidirectional)",BIDIRECTIONAL (Nexperia PESD5V0S1BA v.6 2024-04-26; LCSC C19224 'Bidirectional'),Device:D_TVS,Diode_SMD:D_SOD-323,"{""2"": ""HS1_MIC"", ""1"": ""GND""}",ABSENT on D12,"1 (library D_SOD-323/D_SMC land, not on this board)",either pad,N/A (bidirectional),OK (D_TVS is the bidirectional symbol),
D,D12,D11,PESD5V0S1BA,PESD5V0S1BA bidirectional ESD clamp at the jack: headset 1 push to talk,ABSENT,C19224,netlist,"Nexperia PESD5V0S1BA,115 (Bidirectional)",BIDIRECTIONAL (Nexperia PESD5V0S1BA v.6 2024-04-26; LCSC C19224 'Bidirectional'),Device:D_TVS,Diode_SMD:D_SOD-323,"{""2"": ""PTT_HS1_n"", ""1"": ""GND""}",ABSENT on D12,"1 (library D_SOD-323/D_SMC land, not on this board)",either pad,N/A (bidirectional),OK (D_TVS is the bidirectional symbol),
D,D12,D12,PESD5V0S1BA,PESD5V0S1BA bidirectional ESD clamp at the jack: headset 2 speaker,ABSENT,C19224,netlist,"Nexperia PESD5V0S1BA,115 (Bidirectional)",BIDIRECTIONAL (Nexperia PESD5V0S1BA v.6 2024-04-26; LCSC C19224 'Bidirectional'),Device:D_TVS,Diode_SMD:D_SOD-323,"{""2"": ""HS2_SPK"", ""1"": ""GND""}",ABSENT on D12,"1 (library D_SOD-323/D_SMC land, not on this board)",either pad,N/A (bidirectional),OK (D_TVS is the bidirectional symbol),
D,D12,D13,PESD5V0S1BA,PESD5V0S1BA bidirectional ESD clamp at the jack: headset 2 microphone,ABSENT,C19224,netlist,"Nexperia PESD5V0S1BA,115 (Bidirectional)",BIDIRECTIONAL (Nexperia PESD5V0S1BA v.6 2024-04-26; LCSC C19224 'Bidirectional'),Device:D_TVS,Diode_SMD:D_SOD-323,"{""2"": ""HS2_MIC"", ""1"": ""GND""}",ABSENT on D12,"1 (library D_SOD-323/D_SMC land, not on this board)",either pad,N/A (bidirectional),OK (D_TVS is the bidirectional symbol),
D,D12,D14,PESD5V0S1BA,PESD5V0S1BA bidirectional ESD clamp at the jack: headset 2 push to talk,ABSENT,C19224,netlist,"Nexperia PESD5V0S1BA,115 (Bidirectional)",BIDIRECTIONAL (Nexperia PESD5V0S1BA v.6 2024-04-26; LCSC C19224 'Bidirectional'),Device:D_TVS,Diode_SMD:D_SOD-323,"{""2"": ""PTT_HS2_n"", ""1"": ""GND""}",ABSENT on D12,"1 (library D_SOD-323/D_SMC land, not on this board)",either pad,N/A (bidirectional),OK (D_TVS is the bidirectional symbol),
D,D12,U5,USBLC6-2SC6,USBLC6-2SC6,USBLC6-2SC6,C7519,netlist,ST USBLC6-2SC6 (Unidirectional),array (ST DS4260 Rev 7 pinout),Power_Protection:USBLC6-2SC6,Package_TO_SOT_SMD:SOT-23-6,"{""5"": ""+5V_D8"", ""3"": ""USB_D8_N"", ""4"": ""USB_D8_N"", ""1"": ""USB_D8_P"", ""6"": ""USB_D8_P"", ""2"": ""GND""}","{""1"": ""USB_D8_P"", ""2"": ""GND"", ""3"": ""USB_D8_N"", ""4"": ""USB_D8_N"", ""5"": ""+5V_D8"", ""6"": ""USB_D8_P""}",n/a,"pin2 GND, pin5 VBUS supply, pins 1=6 and 3=4 I/O",PIN MAP OK,OK,pcb-d-aprs-d9/pcb-d-aprs.kicad_pcb:1589
E,E17,D1,SMCJ40A,"SMCJ40A (input surge: 40 V standoff on a line specified to 36 V, clamping 64.5 V)",SMCJ40A,C224052,netlist,Littelfuse SMCJ40A (Unidirectional),"UNIDIRECTIONAL (A suffix; CA = bidirectional: Vishay 88392/88394 rev 09-Jan-2024, Littelfuse SMCJ rev 11/20/15)",Device:D_TVS,Diode_SMD:D_SMC,"{""2"": ""DC_P"", ""1"": ""GND_V""}","{""1"": ""GND_V"", ""2"": ""DC_P""}",1,cathode (pad 1) on DC_P,REVERSED,"WRONG (Device:D_TVS is 'Bidirectional', pins A1/A2, no cathode; a unidirectional part needs a K/A symbol)",pcb-e1-dock-e7/pcb-e1-dock.kicad_pcb:2701
E,E17,D2,SMCJ40A,SMCJ40A (bus clamp: 40 V standoff on the 9 to 36 V bus),SMCJ40A,C224052,netlist,Littelfuse SMCJ40A (Unidirectional),"UNIDIRECTIONAL (A suffix; CA = bidirectional: Vishay 88392/88394 rev 09-Jan-2024, Littelfuse SMCJ rev 11/20/15)",Device:D_TVS,Diode_SMD:D_SMC,"{""2"": ""VIN_RAW"", ""1"": ""GND""}","{""1"": ""GND"", ""2"": ""VIN_RAW""}",1,cathode (pad 1) on VIN_RAW,REVERSED,"WRONG (Device:D_TVS is 'Bidirectional', pins A1/A2, no cathode; a unidirectional part needs a K/A symbol)",pcb-e1-dock-e7/pcb-e1-dock.kicad_pcb:5549
E,E17,D3,SMCJ18A,SMCJ18A (pack node clamp),SMCJ18A,,netlist,TBD (no LCSC record),"UNIDIRECTIONAL (A suffix; CA = bidirectional: Vishay 88392/88394 rev 09-Jan-2024, Littelfuse SMCJ rev 11/20/15)",Device:D_TVS,Diode_SMD:D_SMC,"{""2"": ""CELL_F"", ""1"": ""GND""}","{""1"": ""GND"", ""2"": ""CELL_F""}",1,cathode (pad 1) on CELL_F,REVERSED,"WRONG (Device:D_TVS is 'Bidirectional', pins A1/A2, no cathode; a unidirectional part needs a K/A symbol)",pcb-e1-dock-e7/pcb-e1-dock.kicad_pcb:16760
E,E17,D4,SMCJ28A,"SMCJ28A (panel surge: 28 V standoff, conducting from 31.1 V, below the 35 V bulk capacitors)",SMCJ28A,C224047,netlist,Littelfuse SMCJ28A (Unidirectional),"UNIDIRECTIONAL (A suffix; CA = bidirectional: Vishay 88392/88394 rev 09-Jan-2024, Littelfuse SMCJ rev 11/20/15)",Device:D_TVS,Diode_SMD:D_SMC,"{""2"": ""PV_P"", ""1"": ""GND""}","{""1"": ""GND"", ""2"": ""PV_P""}",1,cathode (pad 1) on PV_P,REVERSED,"WRONG (Device:D_TVS is 'Bidirectional', pins A1/A2, no cathode; a unidirectional part needs a K/A symbol)",pcb-e1-dock-e7/pcb-e1-dock.kicad_pcb:24244
E,E17,D5,BAT54,BAT54 boost diode INTVCC -> BOOST1,BAT54,C7502705,lcsc_fill.py,R+O BAT54W (Standalone),rectifier (K = symbol pin 1),Device:D_Schottky,Diode_SMD:D_SOD-123,"{""1"": ""TRK_BOOST1"", ""2"": ""TRK_INTVCC""}","{""1"": ""TRK_BOOST1"", ""2"": ""TRK_INTVCC""}",1,cathode (pad 1) on TRK_BOOST1: LT8705A bootstrap: INTVCC -> BOOST1 (gen_sch_e.py:292 label; C17 BOOST1-SW1),CORRECT,OK (K = pin 1),pcb-e1-dock-e7/pcb-e1-dock.kicad_pcb:13645
E,E17,D6,BAT54,BAT54 boost diode INTVCC -> BOOST2,BAT54,C7502705,lcsc_fill.py,R+O BAT54W (Standalone),rectifier (K = symbol pin 1),Device:D_Schottky,Diode_SMD:D_SOD-123,"{""1"": ""TRK_BOOST2"", ""2"": ""TRK_INTVCC""}","{""1"": ""TRK_BOOST2"", ""2"": ""TRK_INTVCC""}",1,cathode (pad 1) on TRK_BOOST2: LT8705A bootstrap: INTVCC -> BOOST2 (gen_sch_e.py:292 label; C18 BOOST2-SW2),CORRECT,OK (K = pin 1),pcb-e1-dock-e7/pcb-e1-dock.kicad_pcb:18307
E,E17,D7,SS14,SS14 flyback across fan 1,SS14,C51897884,lcsc_fill.py,TBD (no LCSC record),rectifier (K = symbol pin 1),Device:D_Schottky,Diode_SMD:D_SMB,"{""1"": ""CELL_F"", ""2"": ""FAN1_SW""}","{""1"": ""CELL_F"", ""2"": ""FAN1_SW""}",1,"cathode (pad 1) on CELL_F: fan flyback: fan between CELL_F and FAN1_SW, Q9 low side (gen_sch_e.py:376-379)",CORRECT,OK (K = pin 1),pcb-e1-dock-e7/pcb-e1-dock.kicad_pcb:31584
E,E17,D8,SS14,SS14 flyback across fan 2,SS14,C51897884,lcsc_fill.py,TBD (no LCSC record),rectifier (K = symbol pin 1),Device:D_Schottky,Diode_SMD:D_SMB,"{""1"": ""CELL_F"", ""2"": ""FAN2_SW""}","{""1"": ""CELL_F"", ""2"": ""FAN2_SW""}",1,"cathode (pad 1) on CELL_F: fan flyback: fan between CELL_F and FAN2_SW, Q10 low side (gen_sch_e.py:376-379)",CORRECT,OK (K = pin 1),pcb-e1-dock-e7/pcb-e1-dock.kicad_pcb:20957
E,E17,D9,USBLC6-2SC6,USBLC6-2SC6,ABSENT,C7519,netlist,ST USBLC6-2SC6 (Unidirectional),array (ST DS4260 Rev 7 pinout),Power_Protection:USBLC6-2SC6,Package_TO_SOT_SMD:SOT-23-6,"{""5"": ""+3V3_E6"", ""3"": ""SCL1"", ""4"": ""SCL1"", ""1"": ""SDA1"", ""6"": ""SDA1"", ""2"": ""GND""}",ABSENT on E17,n/a,"pin2 GND, pin5 VBUS supply, pins 1=6 and 3=4 I/O",PIN MAP OK,OK,
E,E17,D10,SMCJ40A,"SMCJ40A (shore inlet clamp at the entry, in front of the ideal-diode FET: 40 V standoff on a line specified to 36 V)",ABSENT,C224052,netlist,Littelfuse SMCJ40A (Unidirectional),"UNIDIRECTIONAL (A suffix; CA = bidirectional: Vishay 88392/88394 rev 09-Jan-2024, Littelfuse SMCJ rev 11/20/15)",Device:D_TVS,Diode_SMD:D_SMC,"{""2"": ""DC_F"", ""1"": ""GND_V""}",ABSENT on E17,"1 (library D_SOD-323/D_SMC land, not on this board)",cathode (pad 1) on DC_F,REVERSED,"WRONG (Device:D_TVS is 'Bidirectional', pins A1/A2, no cathode; a unidirectional part needs a K/A symbol)",
P,P4,D1,SMBJ20A,SMBJ20A,SMBJ20A,C364296,P4 BOM,MDD(Microdiode Semiconductor) SMBJ20A (Unidirectional),"UNIDIRECTIONAL (A suffix; CA = bidirectional: Vishay 88392/88394 rev 09-Jan-2024, Littelfuse SMCJ rev 11/20/15)",Device:D_TVS,Diode_SMD:D_SMB,"{""1"": ""PACK_N"", ""2"": ""PACK_P""}","{""1"": ""PACK_N"", ""2"": ""PACK_P""}",1,cathode (pad 1) on PACK_P,REVERSED,"WRONG (Device:D_TVS is 'Bidirectional', pins A1/A2, no cathode; a unidirectional part needs a K/A symbol)",pcb-p-pack-p2/pcb-p-pack.kicad_pcb:7290
P,P4,D2,USBLC6-2SC6,USBLC6-2SC6 ESD clamp on the SMBus pair,USBLC6-2SC6,C7519,netlist,ST USBLC6-2SC6 (Unidirectional),array (ST DS4260 Rev 7 pinout),Power_Protection:USBLC6-2SC6,Package_TO_SOT_SMD:SOT-23-6,"{""1"": ""SMBC"", ""6"": ""SMBC"", ""3"": ""SMBD"", ""4"": ""SMBD"", ""5"": ""VCC_F"", ""2"": ""GND""}","{""1"": ""SMBC"", ""2"": ""GND"", ""3"": ""SMBD"", ""4"": ""SMBD"", ""5"": ""VCC_F"", ""6"": ""SMBC""}",n/a,"pin2 GND, pin5 VBUS supply, pins 1=6 and 3=4 I/O",PIN MAP OK,OK,pcb-p-pack-p2/pcb-p-pack.kicad_pcb:5105
E5,E5,(none),,no netlist,"no diode footprint (17 footprints: Mill-Max targets, holes, pogo target, wire lands)",,,,,,,,,,,NO PARTS,,pcb-e5-block/pcb-e5-block.kicad_pcb (686b29a734c55b9a)
