path	git_blob_sha	sha256	bytes	group	role
00_START_HERE.md	64f5fcf6dcd334f9f0ace1f0a01ffbb620d5f1d4	492bfb9dd67120aa9da7b3b4b7037f1b5648ae2205ba378f54523caa45142c77	5389	top	written for this handover (provenance: commit 79a29c30aa63)
01_Product_Definition/v2/docs/PRODUCT-BRIEF.md	be567b85a6540b9ffc1895ae7d5c7629680104f3	85513b92ed0daf553b3225f325dc205bb9d6b8b3e08faf9e201d7f57ee9a0e4c	38420	01_Product_Definition	copied byte-exact from c20c4b629ff4: Layer 1 accepted baseline (BASELINED at a9f212c7; definition baseline 6b2a9965); amendments A-1, A-2
01_Product_Definition/v2/docs/handover/DEFINITION-STATUS.md	f901919769043e31525757f52879a66023351e5a	e8f9b415e39f855b3c7e52da903c7f7849018c69daf3ac0d2f30d55023e3cd19	34893	01_Product_Definition	copied byte-exact from c20c4b629ff4: Layer 1 and 2 status page and glossary (supporting)
01_Product_Definition/v2/docs/handover/GLOSSARY.md	499882d5736edd9051a654d4f3aaf6603b7684aa	6bb222ee7136eac764c04836cd09676f853582dff35f7c771fec9440d7bbb6bd	21883	01_Product_Definition	copied byte-exact from c20c4b629ff4: Layer 1 and 2 status page and glossary (supporting)
01_Product_Definition/v2/docs/reviews/DEFINITION-RESTRUCTURE-CHECK-2026-09-27.md	fbe343cf44a30698f81e6fca1cbf77078fda74ac	4c09af64cb214448681a4424719bb88fe4e8bcca75a84821db088ea8cc164e33	19325	01_Product_Definition	copied byte-exact from c20c4b629ff4: acceptance evidence (AI review or AI check)
01_Product_Definition/v2/docs/reviews/REVIEW-LAYER-1-RELEASE-2-2026-09-27.md	843f67ad8b4552324518891fc2a7cbdf08da09f8	a0d8e6be2dcebcf68e800d666f85afe3c35f5395cd1ad20d2080297b0830f908	29546	01_Product_Definition	copied byte-exact from c20c4b629ff4: acceptance evidence (AI review or AI check)
01_Product_Definition/v2/docs/reviews/TARGETED-CHECK-LAYERS-1-3-2026-09-27.md	8e078991b1d410701bc8291af7adf9a99c61e185	ae70b1a7811ecea172029b55c070dfd86f7f668640109635362e785bf230b8aa	15086	01_Product_Definition	copied byte-exact from c20c4b629ff4: acceptance evidence (AI review or AI check)
02_Concept_of_Operations/v2/docs/CONOPS.md	4390ae0616c93afa1a1be96b626c594914a0a6de	6cb7b241cb84d7290caffa74df2622c64222dd66a2de66693e480e3a18e44281	194238	02_Concept_of_Operations	copied byte-exact from c20c4b629ff4: Layer 2 accepted baseline (BASELINED at a9f212c7; definition baseline 79963b3b); amendments A-1, A-2
02_Concept_of_Operations/v2/docs/OPERATING-ENVELOPE.md	ae93d9ad820cba678493df3fe294e9f519b5f2a3	26e98ecfd2e4ec2f29f374486a050df7bab2153bcf030eb373439e9e79f247ff	45397	02_Concept_of_Operations	copied byte-exact from c20c4b629ff4: Layer 2 supporting document cited by the baseline
02_Concept_of_Operations/v2/docs/TEST-PLAN.md	3cfb10e0dc23bd8bca8987430c450632ed01d73c	42a3dff33442c86089a2c6c9dee841e8e2c8b9cbc1222a4adc311902b3c316f7	57388	02_Concept_of_Operations	copied byte-exact from c20c4b629ff4: Layer 2 supporting document cited by the baseline
02_Concept_of_Operations/v2/docs/reviews/DEFINITION-RESTRUCTURE-CHECK-2026-09-27.md	fbe343cf44a30698f81e6fca1cbf77078fda74ac	4c09af64cb214448681a4424719bb88fe4e8bcca75a84821db088ea8cc164e33	19325	02_Concept_of_Operations	copied byte-exact from c20c4b629ff4: acceptance evidence (AI review or AI check)
02_Concept_of_Operations/v2/docs/reviews/REVIEW-A-LAYER-2-2026-09-27.md	c7408fc92b711746291b7cce823c489f6269f2e7	77b20ca4042f0855d9da1b9ede91028c28c66b9ebeedff3b79caf6b22801f5dd	24722	02_Concept_of_Operations	copied byte-exact from c20c4b629ff4: acceptance evidence (AI review or AI check)
02_Concept_of_Operations/v2/docs/reviews/REVIEW-LAYER-2-RELEASE-2-2026-09-27.md	f35a495e09cd7499bed9277f5679b76c360835f4	a4f0e88e48c304ee7e82b84fdbd23de7d12733872f98138669be3cec53081c67	31586	02_Concept_of_Operations	copied byte-exact from c20c4b629ff4: acceptance evidence (AI review or AI check)
03_Requirements/APPROVED-AMENDMENTS.md	e0cf5dff5672c8c3fea6c4a9b33ade5005a23713	3de09a3c3ec9438f3fb426cb7fbddb7a471e7260df40162eeb2d3bf664ee1bdb	4180	03_Requirements	written for this handover (provenance: commit 79a29c30aa63)
03_Requirements/v2/docs/REQUIREMENTS-TRACE.md	00308763baed253a16cabf7f686d97c115f27454	45ee58fa2d170d1cd1684117c424da69210f44980c21e94f3fe705b2010998ff	1381293	03_Requirements	copied byte-exact from c20c4b629ff4: Layer 3 trace (generated; rebinds since acceptance)
03_Requirements/v2/docs/feasibility/POWER-THERMAL.md	7fc86270a989ed6c235c43bc76d5e06e4bb01e3c	ad3ba27cef9e0f684f28ce81815afa86d44c4114b9bc10ff474308d875ba5788	137909	03_Requirements	copied byte-exact from c20c4b629ff4: record linked from the requirement pages (supporting; not itself a requirement)
03_Requirements/v2/docs/handover/ENGINEERING-QUESTIONS.md	769c4af43fbac17f674b98a0c2a7e4e4e83210e9	e315a9f2d5bba72d7d1d1b149e0dae91d58d39f2fee59a0c0f807aca0878556e	112337	03_Requirements	copied byte-exact from c20c4b629ff4: open engineering questions register (supporting)
03_Requirements/v2/docs/handover/LAYER-STATUS.md	c55d6356b36f2524fdd74739a57c5c1c16164f98	df0221866b359598e088f2615b5535479c7b7d10b111c5c7c97816e954e5eed8	415543	03_Requirements	copied byte-exact from c20c4b629ff4: status record of all layers (Layer 4 onward NOT accepted)
03_Requirements/v2/docs/handover/OWNER-INSTRUCTION-2026-10-09-AS-RECEIVED.md	000409431842fdde8f9af4b38d98b861b0a39890	6057df88d356796de9c02517d6ad0a82a72d1af283ef668fd8db6c2ac5fc0466	56705	03_Requirements	copied byte-exact from a6274bf77f2c: owner rulings filed as received; Part 6 = amendment A-1 (source: unpromoted candidate)
03_Requirements/v2/docs/handover/layer3/DEFINITION-CHANGE-RECORD-L3.md	6007c6145db9e0ade2e68ca5116678cbc8bfe10e	681f37b665a57d03f1ffe6cf0a00aacabf2e6d620a6c4d5d02b34fee33761ccc	6478	03_Requirements	copied byte-exact from c20c4b629ff4: Layer 3 baseline record (accepted with the registry at 3b4b92cf)
03_Requirements/v2/docs/handover/layer3/DEFINITION-REISSUE-DRAFT.md	968880b58782aa88dba91a23fef2e15f9d7dc69a	a04b0a6cc74006353f560e854929fbed9b9ab6944e4a010b0f462a88e1e3edbd	29305	03_Requirements	copied byte-exact from c20c4b629ff4: Layer 3 baseline record (accepted with the registry at 3b4b92cf)
03_Requirements/v2/docs/handover/layer3/L3-RECONCILIATION.md	615699269daf5f8270211495d929e1dcd94166fe	db128fdc1216f87cbd4f5777400e9100a45a28c57cb0bc17238a05a1aa7a178e	102416	03_Requirements	copied byte-exact from c20c4b629ff4: Layer 3 baseline record (accepted with the registry at 3b4b92cf)
03_Requirements/v2/docs/handover/layer3/OWNER-DECISIONS-L3.md	dc9f350aaf34fdb5ff59b0e57cb6c7f06cb02443	e4d6b6adc0b7bbea5e55de8daebc684df5e0f29263e7bdf6b37aea85be2cedba	108754	03_Requirements	copied byte-exact from c20c4b629ff4: Layer 3 baseline record (accepted with the registry at 3b4b92cf)
03_Requirements/v2/docs/handover/layer3/OWNER-INSTRUCTION-2026-09-30.md	3deeb2267dddb38f11a528ea9f46a0fd6d1624b6	f39c7f2b08dae370c68fa9e5ed189317722ff64c784423d246b3f17f1befee62	41107	03_Requirements	copied byte-exact from c20c4b629ff4: Layer 3 baseline record (accepted with the registry at 3b4b92cf)
03_Requirements/v2/docs/handover/layer3/REQUIREMENTS-L3-R2.md	5eb2f2f1eac48c678bd678edf58ed8fb8eb6d2e0	a631fcb73a3618d30f0c18365c37ff916adfb6f077a4d890a05d69f6b18730fb	319879	03_Requirements	copied byte-exact from c20c4b629ff4: Layer 3 rendered registry pages (re-rendered since acceptance; section 2.6 stale, I-03)
03_Requirements/v2/docs/handover/layer3/l3r2.yaml	e936a0db60e70994692950a11748866d8cdd8392	ee2efadf269994ce90830989714d3d48fecf0868b673e9f43e44b25b48fb091c	267220	03_Requirements	copied byte-exact from c20c4b629ff4: Layer 3 registry, accepted baseline at 3b4b92cf (baseline_acceptance); amendments A-1, A-2
03_Requirements/v2/docs/records/a1elec/TOPOLOGY.md	c2ec6594588c4ac2723b7c44c1afa67c01bae294	a4d7f26dddb39bbdcb67c1b177f58be1b5d1cbe76874e8cf6abb13bb7100ec31	36257	03_Requirements	copied byte-exact from c20c4b629ff4: record linked from the requirement pages (supporting; not itself a requirement)
03_Requirements/v2/docs/records/a1mech/DECISION-A1.md	f4e6d0c63be4caaa003bb900c4f97a74e43d9b0f	3dc2e2d934dc46a69a38a525c43538b420d8c385d6accba3d2414d2fbb103aa1	1575	03_Requirements	copied byte-exact from c20c4b629ff4: record linked from the requirement pages (supporting; not itself a requirement)
03_Requirements/v2/docs/records/a1mech/README.md	566aaef639f66b3353ad66ae613b40a255d7c838	22ed96b7f7bbe160f9359a8edfa68e793e60f46d3cc3dfc9fea50e9c82752121	39001	03_Requirements	copied byte-exact from c20c4b629ff4: record linked from the requirement pages (supporting; not itself a requirement)
03_Requirements/v2/docs/records/a1solar/ARRAY.md	812876220121cabce359b6a438c9c9f47f6d4799	c4938e4a7598aedc0060d20a4b4ec02f9b3e93cf26fe7c0c0bf12bd1c4f65320	22638	03_Requirements	copied byte-exact from c20c4b629ff4: record linked from the requirement pages (supporting; not itself a requirement)
03_Requirements/v2/docs/records/energy/DECISION-OPTIONS.md	d35bfae17e2e6742fca8750865a7002a03e067d8	cfd949fd7136ca4d9adc8c1e610dda8eee896a02d0d310723f8ff6ef9114ae1a	1713	03_Requirements	copied byte-exact from c20c4b629ff4: record linked from the requirement pages (supporting; not itself a requirement)
03_Requirements/v2/docs/records/energy/ENERGY-RECONCILIATION.md	57f89c63675e211c5f7dc0233af75e104ae1e39e	dfc85ef1c0ac9e789b9f1f4e90e0147bb891997dfcb82295de72bfc3d0062443	90674	03_Requirements	copied byte-exact from c20c4b629ff4: record linked from the requirement pages (supporting; not itself a requirement)
03_Requirements/v2/docs/records/l3am/REVIEW-UNIFIED-AS-RECEIVED.md	073d7f0496fc52d34d0fc02dceda4ebe8bedfe78	1a8d728ad6fabf2d83118f3d25b4de17c12a03adca18b82e5373e518a10acab1	14190	03_Requirements	copied byte-exact from c20c4b629ff4: acceptance evidence (AI review or AI check)
03_Requirements/v2/docs/records/l3am/checks/check-l3am-4.md	a3cf6785e979ea4be3fda46f1e24160769344594	d42a4879714f8cfff029c3e4791de87d3201dfa979eae768cf0b1d9591e7fe63	3330	03_Requirements	copied byte-exact from c20c4b629ff4: acceptance evidence (AI review or AI check)
03_Requirements/v2/docs/records/l3batt/COMPARISON.md	b27170bd2e280efc019b796ec064f689e3870f1f	e84f3a45f57355cf1695c6ad8d286c8ae307e8509e6c007743ab2b9171874d8c	13447	03_Requirements	copied byte-exact from c20c4b629ff4: record linked from the requirement pages (supporting; not itself a requirement)
03_Requirements/v2/docs/records/l3batt/PROVENANCE.md	84685e780f6f58c0256e43a6f5ce7df7df2f2e83	9b92e4213445652a3a1d5d693b727338b5e88f7e943536047b20814d45820695	7501	03_Requirements	copied byte-exact from c20c4b629ff4: record linked from the requirement pages (supporting; not itself a requirement)
03_Requirements/v2/docs/records/l3batt/SHORTLIST.md	6feda6ca150192ab4a5a509ced1c4073d3faa160	6a943a1fb0d47edf1977e39b0c1801f9319abdb8087015ccbea3a1c4a784e28c	8847	03_Requirements	copied byte-exact from c20c4b629ff4: record linked from the requirement pages (supporting; not itself a requirement)
03_Requirements/v2/docs/records/l3batt/runtime.out	63d40810daf47508a24a2f44ffe700d1a1c8f87b	87d9c1ee590597638c57aa97c384c217af9eb36044a2db39e27194a88047fc13	8900	03_Requirements	copied byte-exact from c20c4b629ff4: record linked from the requirement pages (supporting; not itself a requirement)
03_Requirements/v2/docs/records/l3feas/L3-FEASIBILITY.md	80260f55de5a747ac0146a39a02f134e8afa07c2	d6c15694322dfbe315db7a0efdbf131e08fe28ea76445b6d887e0b85409f1f8b	26533	03_Requirements	copied byte-exact from c20c4b629ff4: record linked from the requirement pages (supporting; not itself a requirement)
03_Requirements/v2/docs/records/l3plane/ENERGY-BASIS.md	1f56b7b84f0ac045ece505e409a688e37f694e23	7bbca138a02bd32facc2a277283218c6bccc2f257c787b374fbf42483d90d132	52073	03_Requirements	copied byte-exact from c20c4b629ff4: record linked from the requirement pages (supporting; not itself a requirement)
03_Requirements/v2/docs/records/l3plane/energy_basis.out	389fb350260a03f7be8344606a0a2d5f5abf1f52	73fd16915ddf8edf217090a4c221f879d34b5c50c4f6ddc8ff950adb6b3b2633	43168	03_Requirements	copied byte-exact from c20c4b629ff4: record linked from the requirement pages (supporting; not itself a requirement)
03_Requirements/v2/docs/records/l3plane/three_cases.out	7de31fae059aa660fb9b91ab3fcbc197ffc88eab	8119987a20fad08cae0edc928726c847b1f5ec41f81cfd9552849793567e96be	7748	03_Requirements	copied byte-exact from c20c4b629ff4: record linked from the requirement pages (supporting; not itself a requirement)
03_Requirements/v2/docs/records/l3plane/vbus20_range.out	f820a3a86d3d5bf1149da24dec3ce714a56a4044	2ce0b0f41b074ea6e132d57ae6a92bd20954f792c7539b7f50ef3a410953f049	9540	03_Requirements	copied byte-exact from c20c4b629ff4: record linked from the requirement pages (supporting; not itself a requirement)
03_Requirements/v2/docs/records/l3plane/weather_basis.out	6616eac24c3e7750a14f41bfe22375ee488697ff	8cc676433f4e3fb84240ddcdd55ae818e7d8b64a3a7ef8e710e7afd5c4e59961	12232	03_Requirements	copied byte-exact from c20c4b629ff4: record linked from the requirement pages (supporting; not itself a requirement)
03_Requirements/v2/docs/records/l3r2/checks/energy-basis-check-1/CHECK-1.md	33abd2ee41fb2f959938d8a79d0599202829a208	845858d6c3059f770ad0b8721693c177a5d018f9ab0af9280024ed885f690d57	17510	03_Requirements	copied byte-exact from c20c4b629ff4: record linked from the requirement pages (supporting; not itself a requirement)
03_Requirements/v2/docs/records/l3r2/checks/energy-basis-check-2/CHECK-2.md	cceaf1bad62f73ed8bbbd21ab5effcd8a913329e	f5db20597e22b3ba0621879f8ac9ee6fdf601cb28c3cf7924950d37de5343220	13713	03_Requirements	copied byte-exact from c20c4b629ff4: record linked from the requirement pages (supporting; not itself a requirement)
03_Requirements/v2/docs/records/l3r2/checks/energy-basis-check-3/CHECK-3.md	dae0e71c3a57886e4908d88f52ed3d3801ab515a	7c81f4fed407097a0dbe7cd2d2bf893e072199738d361e7e79374e1e6b9f8a87	24879	03_Requirements	copied byte-exact from c20c4b629ff4: record linked from the requirement pages (supporting; not itself a requirement)
03_Requirements/v2/docs/records/l3r2/checks/energy-basis-check-4/CHECK-4.md	d57a5f47f76875409cb64533a4f5ffd33b02ed2e	6e98b2e19cb1d89bc4ab9faa195f7e634592037ca10337fd0de6b248ec5f9b05	12859	03_Requirements	copied byte-exact from c20c4b629ff4: record linked from the requirement pages (supporting; not itself a requirement)
03_Requirements/v2/docs/records/l3r2/checks/energy-basis-check-5/CHECK-5.md	3d6576b0ed3377b83272e57da4c42f1994b7c6ed	bf3aace0457d19ee007c990f94cfcdaf296a503d174837fb5ab5ecdb3e3fbbcb	9980	03_Requirements	copied byte-exact from c20c4b629ff4: record linked from the requirement pages (supporting; not itself a requirement)
03_Requirements/v2/docs/records/l3r5/checks/l3feas-check-1/CHECK-1.md	d3910930e41e746dbc73d6cfcd29e12c71489be7	f1c5f8c5e97940fef458715fd989834b0eeecc8e9d362a809e8e4cd232a08dc5	12686	03_Requirements	copied byte-exact from c20c4b629ff4: record linked from the requirement pages (supporting; not itself a requirement)
03_Requirements/v2/docs/records/l3r5/checks/l3feas-check-2/CHECK-2.md	6803fb72357148ce111fed8d8493f35611a0d0a9	5992b91e3c4278f62107f54ec0f3e39fccc437b48be35299299575df28b9b105	5461	03_Requirements	copied byte-exact from c20c4b629ff4: record linked from the requirement pages (supporting; not itself a requirement)
03_Requirements/v2/docs/records/r11dep/R11-DEPENDENCY.md	1f8eae3d59317d39fd753c39499dd16ef8243439	50171547951aa9a45df1fd95fc45665919a2cee5e2f315c10dd2838f62343427	35373	03_Requirements	copied byte-exact from c20c4b629ff4: record linked from the requirement pages (supporting; not itself a requirement)
03_Requirements/v2/docs/records/r11dep/r11_dep.out	3fb4c23e3106f52509bb6379f5073525388f192b	f9d2c6f23fab3edcb48ad0116366fe588a514f755aafe56ebd62a0fe9495a209	27919	03_Requirements	copied byte-exact from c20c4b629ff4: record linked from the requirement pages (supporting; not itself a requirement)
03_Requirements/v2/docs/review-packets/battery/THERMAL-COORDINATION.md	f822ccaee8fe889681a38b4d4f34daeb19c456ae	0d4d60f03260f004cd7af9d738e41bbdb5f5a1d4818fa33775328d0d264d41ec	62904	03_Requirements	copied byte-exact from c20c4b629ff4: record linked from the requirement pages (supporting; not itself a requirement)
03_Requirements/v2/docs/reviews/REVIEW-B-LAYER-3-2026-09-27.md	89a05fc19effa88c60271556fb8a833c2ea6ffc2	7a6c679f446b1baad520cf8b26bad7e2d75f39eece148fffbec5df512ba4c72d	32137	03_Requirements	copied byte-exact from c20c4b629ff4: acceptance evidence (AI review or AI check)
03_Requirements/v2/docs/reviews/TARGETED-RECHECK-LAYER-3-2026-09-27.md	0722a9fab760734eb44522d795846429d5de7d26	7831358b96b6f5cae0141a3a80f6b4b1a2acb16671f06311ae91b626eb8fc186	13412	03_Requirements	copied byte-exact from c20c4b629ff4: acceptance evidence (AI review or AI check)
04_Review_and_Open_Issues.md	af11625dc6b91397cf0f3812cb366d8daa08dddd	e324811320f449ee88c3aaa73744f14ec132d0f60178aa812ddb7234e1bab3e4	7398	top	written for this handover (provenance: commit 79a29c30aa63)
05_Engineer_Takeover.md	68ae3f86b85ceedb941c523695cbe2280d542c16	d3551becc6261d4b0179efa30a9f41b16d74aee1371418753e35e2549fc7480a	7551	top	written for this handover (provenance: commit 79a29c30aa63)
06_Source_Manifest.md	7d074d8c279ae746cf6af0067d97314ae58019b9	fbbb61eb98614dc064a66022d4cc3faff1a70cc6907973110b30b03a9768674e	15709	top	written for this handover (provenance: commit 79a29c30aa63)
CHECKSUMS.sha256	0dfa86f4d69733bb44b97bfc3620071273f9883f	5784e99aad62b2f725c5ae2a76303704565556f11197517b6f5eb7d8c47788f0	7364	top	written for this handover (provenance: commit 79a29c30aa63)
