arm,pass,active_s_at_session,pass_s
a6,1,347.9,347.9
a6,2,778.5,430.6
a6,3,1253.2,474.6
a6,4,1720.0,466.8
a6,5,2188.3,468.4
a6,6,2644.1,455.7
a6,7,3106.1,462.0
a6,8,3551.7,445.6
a6,9,3970.2,418.5
a6,10,4440.5,470.3
a6,11,4837.2,396.7
a6,12,5286.5,449.3
a8,1,426.1,426.1
a8,2,889.2,463.1
a8,3,1333.2,444.0
a8,4,1706.1,373.0
a8,5,2070.5,364.4
a8,6,2397.1,326.5
a8,7,2730.0,332.9
a8,8,3084.0,353.9
a8,9,3441.6,357.6
a8,10,3760.6,319.0
a8,11,4060.2,299.6
a8,12,4380.3,320.1
a8,13,4733.4,353.2
a8,14,5073.6,340.2
