file	line	token class	token	note	treatment
v1/cad/FIXES.md	57	laptop user path	<laptop home>		live document
v1/cad/inspect_doc.py	6	laptop user path	derived: $FIELD_KIT_STEP, default under the home directory		script: the path is derived
v1/cad/render.py	23	laptop user path	derived: $FIELD_KIT_STEP, default under the home directory		script: the path is derived
v1/cad/render.py	24	laptop user path	derived: $FIELD_KIT_RENDERS, default under the home directory		script: the path is derived
v2/docs/EXECUTION-PLAN.md	307	runner path prefix	<worktrees>		live document
v2/docs/MESHSAT-709-geometry-appendix.md	3111	runner path prefix	<runner home>		live document
v2/docs/MESHSAT-709-geometry-appendix.md	3120	runner path prefix	<runner home>		live document
v2/docs/MESHSAT-709-geometry-appendix.md	3120	runner path prefix	<runner home>		live document
v2/docs/records/README.md	318	(re-pin)	sha256 and bytes of r8int6/commit_r8int6.sh		records index row re-pinned
v2/docs/records/README.md	324	(re-pin)	sha256 and bytes of r8int6/copy_evidence.sh		records index row re-pinned
v2/docs/records/cx1/checks/check-1-RESULT.md	6	runner path prefix	<worktrees>		filed check, not cited by sha: redacted with a filing note
v2/docs/records/cx1/checks/check-1-RESULT.md	106	runner path prefix	<worktrees>		filed check, not cited by sha: redacted with a filing note
v2/docs/records/cx1/checks/check-1-phase1.py	12	runner path prefix	derived: $CX1_WORKTREE, default under $WORKTREES		script: the path is derived
v2/docs/records/cx1/checks/check-2-RESULT.md	103	runner path prefix	<worktrees>		filed check, not cited by sha: redacted with a filing note
v2/docs/records/d4emcon/readings/tests-before-and-after.txt	1	host name	the runner		reading, edited as text: a hand-written header line of a test run log
v2/docs/records/d6dec/README.md	4	runner path prefix	<worktrees>		live document
v2/docs/records/d6dec/box/to_box.sh	6	runner path prefix	derived: $WORKTREES, default under $HOME		script: the path is derived
v2/docs/records/d6dec/box/to_box.sh	7	runner path prefix	derived: $BOX_BIN, default under $WORKTREES		script: the path is derived
v2/docs/records/d6dec/box/to_box.sh	8	session temp path	derived: $SCRATCH, default under $TMPDIR		script: the path is derived
v2/docs/records/d6rel/apply-script-test.txt	58	session temp path	/tmp/<session temp>		reading, edited as text: the tree, scratch folder or run it read no longer exists, so no tool can take the same reading again
v2/docs/records/d6rel/apply-script-test.txt	59	session temp path	/tmp/<session temp>		reading, edited as text: the tree, scratch folder or run it read no longer exists, so no tool can take the same reading again
v2/docs/records/d6rel/apply-script-test.txt	60	session temp path	/tmp/<session temp>		reading, edited as text: the tree, scratch folder or run it read no longer exists, so no tool can take the same reading again
v2/docs/records/d6rel/apply-script-test.txt	61	session temp path	/tmp/<session temp>		reading, edited as text: the tree, scratch folder or run it read no longer exists, so no tool can take the same reading again
v2/docs/records/d6rel/apply-script-test.txt	62	session temp path	/tmp/<session temp>		reading, edited as text: the tree, scratch folder or run it read no longer exists, so no tool can take the same reading again
v2/docs/records/d6rel/apply-script-test.txt	63	session temp path	/tmp/<session temp>		reading, edited as text: the tree, scratch folder or run it read no longer exists, so no tool can take the same reading again
v2/docs/records/int10/box/config-apply.log	16	runner path prefix	<worktrees>		reading, edited as text: the tree, scratch folder or run it read no longer exists, so no tool can take the same reading again
v2/docs/records/int10/dryrun.out	1	runner path prefix	<worktrees>		reading, edited as text: the tree, scratch folder or run it read no longer exists, so no tool can take the same reading again (dryrun.py re-run today dry-runs today's tree)
v2/docs/records/int10/dryrun.out	1	runner path prefix	<worktrees>		reading, edited as text: the tree, scratch folder or run it read no longer exists, so no tool can take the same reading again (dryrun.py re-run today dry-runs today's tree)
v2/docs/records/int10/dryrun.py	41	runner path prefix	derived: $WORKTREES, default under the home directory		script: the path is derived
v2/docs/records/int7/CHECK-2.md	9	runner path prefix	<worktrees>		filed check, not cited by sha: redacted with a filing note
v2/docs/records/int7/CHECK-2.md	9	runner path prefix	<worktrees>		filed check, not cited by sha: redacted with a filing note
v2/docs/records/int7/CHECK-3.md	9	runner path prefix	<worktrees>		filed check, not cited by sha: redacted with a filing note
v2/docs/records/int7/CHECK-3.md	9	runner path prefix	<worktrees>		filed check, not cited by sha: redacted with a filing note
v2/docs/records/int7/CHECK.md	9	runner path prefix	<worktrees>		filed check, not cited by sha: redacted with a filing note
v2/docs/records/int7/CHECK.md	9	runner path prefix	<worktrees>		filed check, not cited by sha: redacted with a filing note
v2/docs/records/int7/box/int7_install_pack.sh	5	runner path prefix	derived: $WORKTREES, default under $HOME		script: the path is derived
v2/docs/records/int7/box/int7_install_pack.sh	6	session temp path	derived: $SCRATCH, default under $TMPDIR		script: the path is derived
v2/docs/records/int7/box/int7_install_pack.sh	8	runner path prefix	derived: $BOX_BIN, default under $WORKTREES (two instances)		script: the path is derived
v2/docs/records/int7/checks/d6rel-check-1.md	51	runner path prefix	<worktrees>		filed check, not cited by sha: redacted with a filing note
v2/docs/records/int7/checks/d6rel-check-1.md	53	runner path prefix	<worktrees>		filed check, not cited by sha: redacted with a filing note
v2/docs/records/int7/checks/d6rel-check-1.md	53	runner path prefix	<worktrees>		filed check, not cited by sha: redacted with a filing note
v2/docs/records/int7/checks/d8dec31-check-1.md	3	runner path prefix	<worktrees>		filed check, not cited by sha: redacted with a filing note
v2/docs/records/int7/checks/d8dec31-check-1.md	3	runner path prefix	<worktrees>		filed check, not cited by sha: redacted with a filing note
v2/docs/records/int7/checks/p3bind-check-2.md	32	runner path prefix	<worktrees>		filed check, not cited by sha: redacted with a filing note
v2/docs/records/int7/checks/w5si-check-2-drafts.md	109	runner path prefix	<worktrees>		filed check, not cited by sha: redacted with a filing note
v2/docs/records/int7/checks/w5tray-check-2.md	5	runner path prefix	<worktrees>		filed check, not cited by sha: redacted with a filing note
v2/docs/records/int7/checks/w5tray-check-2.md	5	runner path prefix	<worktrees>		filed check, not cited by sha: redacted with a filing note
v2/docs/records/int7/checks/w5tray-check-2.md	32	runner path prefix	<runner home>		filed check, not cited by sha: redacted with a filing note
v2/docs/records/int8/CHECK-notes.md	5	runner path prefix	<worktrees>	written in a code span	filed check, not cited by sha: redacted with a filing note
v2/docs/records/int8/CHECK-notes.md	6	runner path prefix	<worktrees>	written in a code span	filed check, not cited by sha: redacted with a filing note
v2/docs/records/int8/checks/d6rel-check-2-notes.md	3	runner path prefix	<worktrees>		filed check, not cited by sha: redacted with a filing note
v2/docs/records/int8/checks/d6rel-check-2-notes.md	3	runner path prefix	<worktrees>		filed check, not cited by sha: redacted with a filing note
v2/docs/records/int8/checks/d8dec31-check-2-notes.md	5	runner path prefix	<worktrees>		filed check, not cited by sha: redacted with a filing note
v2/docs/records/int8/checks/d8dec31-check-2.md	6	runner path prefix	<worktrees>		filed check, not cited by sha: redacted with a filing note
v2/docs/records/int8/checks/d8dec31-check-2.md	7	runner path prefix	<worktrees>		filed check, not cited by sha: redacted with a filing note
v2/docs/records/int8/checks/w5si2-check-1-notes.md	6	runner path prefix	<worktrees>		filed check, not cited by sha: redacted with a filing note
v2/docs/records/int8/checks/w5si2-check-1-notes.md	9	runner path prefix	<worktrees>		filed check, not cited by sha: redacted with a filing note
v2/docs/records/int8/checks/w5si2-check-1.md	5	runner path prefix	<worktrees>		filed check, not cited by sha: redacted with a filing note
v2/docs/records/r8int6/commit_r8int6.sh	12	runner path prefix	derived: $PRECOMMIT_CHECK, default beside the main clone (git)		script: the path is derived
v2/docs/records/r8int6/copy_evidence.sh	4	runner path prefix	derived: $MAIN_CLONE, default the main clone of this script's repository (git)		script: the path is derived
v2/docs/records/r8int6/fix/validators-760d7f41.txt	2	host name	the runner		reading, edited as text: the tree, scratch folder or run it read no longer exists, so no tool can take the same reading again
v2/docs/records/r8int6/fix/validators-760d7f41.txt	36	session temp path	/tmp/<scratchpad>		reading, edited as text: the tree, scratch folder or run it read no longer exists, so no tool can take the same reading again
v2/docs/records/r8int6/fix/validators-760d7f41.txt	50	session temp path	/tmp/<session temp>		reading, edited as text: the tree, scratch folder or run it read no longer exists, so no tool can take the same reading again
v2/docs/records/r8int6/fix/validators-760d7f41.txt	56	session temp path	/tmp/<session temp>		reading, edited as text: the tree, scratch folder or run it read no longer exists, so no tool can take the same reading again
v2/docs/records/retake6/analysis/audit-diff-before-after.txt	357	session temp path	/tmp/<scratchpad>	the original was cut short here	reading, edited as text: the tree, scratch folder or run it read no longer exists, so no tool can take the same reading again
v2/docs/records/retake6/analysis/audit-diff-before-after.txt	358	session temp path	/tmp/<scratchpad>	the original was cut short here	reading, edited as text: the tree, scratch folder or run it read no longer exists, so no tool can take the same reading again
v2/docs/records/retake6/analysis/audit-diff-before-after.txt	359	session temp path	/tmp/<scratchpad>	the original was cut short here	reading, edited as text: the tree, scratch folder or run it read no longer exists, so no tool can take the same reading again
v2/docs/records/retake6/analysis/audit-diff-main-after.txt	301	session temp path	/tmp/<scratchpad>	the original was cut short here	reading, edited as text: the tree, scratch folder or run it read no longer exists, so no tool can take the same reading again
v2/docs/records/retake6/analysis/audit-diff-main-after.txt	302	session temp path	/tmp/<scratchpad>	the original was cut short here	reading, edited as text: the tree, scratch folder or run it read no longer exists, so no tool can take the same reading again
v2/docs/records/retake6/analysis/audit-diff-main-after.txt	303	session temp path	/tmp/<scratchpad>	the original was cut short here	reading, edited as text: the tree, scratch folder or run it read no longer exists, so no tool can take the same reading again
v2/docs/records/retake6/worktree/run.txt	1	runner path prefix	<worktrees>		reading, edited as text: the tree, scratch folder or run it read no longer exists, so no tool can take the same reading again
v2/docs/records/rf2walk/LOG.md	3	runner path prefix	<worktrees>		live document
v2/docs/records/s117/LOG.md	8	runner path prefix	<worktrees>		live document
v2/docs/records/s120/LOG.md	8	runner path prefix	<worktrees>		live document
v2/docs/records/s98/readings/apply-scripts-dryrun.out	15	runner path prefix	<worktrees>		reading, edited as text: the tree, scratch folder or run it read no longer exists, so no tool can take the same reading again
v2/docs/records/s98/readings/apply-scripts-dryrun.out	16	session temp path	/tmp/<scratchpad>		reading, edited as text: the tree, scratch folder or run it read no longer exists, so no tool can take the same reading again
v2/docs/records/s98/readings/apply-scripts-dryrun.out	62	runner path prefix	<worktrees>		reading, edited as text: the tree, scratch folder or run it read no longer exists, so no tool can take the same reading again
v2/docs/records/s98/readings/apply-scripts-dryrun.out	63	session temp path	/tmp/<scratchpad>		reading, edited as text: the tree, scratch folder or run it read no longer exists, so no tool can take the same reading again
v2/docs/records/s98/readings/ast-parse.out	2	runner path prefix	<worktrees>		reading, edited as text: the tree, scratch folder or run it read no longer exists, so no tool can take the same reading again
v2/docs/records/s98/readings/ast-parse.out	3	runner path prefix	<worktrees>		reading, edited as text: the tree, scratch folder or run it read no longer exists, so no tool can take the same reading again
v2/docs/records/s98/readings/lead-ends-projection.out	14	session temp path	/tmp/<scratchpad>		reading, edited as text: the tree, scratch folder or run it read no longer exists, so no tool can take the same reading again
v2/docs/records/s98/readings/lead-ends-projection.out	15	session temp path	/tmp/<scratchpad>		reading, edited as text: the tree, scratch folder or run it read no longer exists, so no tool can take the same reading again
v2/docs/records/w5si/RECOVERY.md	12	runner path prefix	<worktrees>		live document
v2/docs/records/w5si/check-1/RESULT-w5si-check-1.json	6	session temp path	/tmp/<scratchpad>		filed check, not cited by sha: redacted with a filing note
v2/docs/records/w5si/check-1/RESULT-w5si-check-1.json	10	session temp path	/tmp/<scratchpad>		filed check, not cited by sha: redacted with a filing note
v2/docs/records/w5si/check-1/RESULT-w5si-check-1.json	31	session temp path	/tmp/<scratchpad>		filed check, not cited by sha: redacted with a filing note
v2/docs/records/w5si/recovery/RESULT-w5si-author-1.json	4	session temp path	/tmp/<scratchpad>		reading, edited as text: an author's result of 27 September 2026, recovered; the tree, scratch folder or run it read no longer exists, so no tool can take the same reading again
v2/docs/records/w5si/recovery/RESULT-w5si-author-1.json	5	session temp path	/tmp/<scratchpad>		reading, edited as text: an author's result of 27 September 2026, recovered; the tree, scratch folder or run it read no longer exists, so no tool can take the same reading again
v2/docs/records/w5si/recovery/RESULT-w5si-author-1.json	6	session temp path	/tmp/<scratchpad>		reading, edited as text: an author's result of 27 September 2026, recovered; the tree, scratch folder or run it read no longer exists, so no tool can take the same reading again
v2/docs/records/w5si/recovery/RESULT-w5si-author-1.json	7	session temp path	/tmp/<scratchpad>		reading, edited as text: an author's result of 27 September 2026, recovered; the tree, scratch folder or run it read no longer exists, so no tool can take the same reading again
v2/docs/records/w5si/recovery/RESULT-w5si-author-1.json	8	session temp path	/tmp/<scratchpad>		reading, edited as text: an author's result of 27 September 2026, recovered; the tree, scratch folder or run it read no longer exists, so no tool can take the same reading again
v2/docs/records/w5si/recovery/RESULT-w5si-author-1.json	9	session temp path	/tmp/<scratchpad>		reading, edited as text: an author's result of 27 September 2026, recovered; the tree, scratch folder or run it read no longer exists, so no tool can take the same reading again
v2/docs/records/w5si/recovery/RESULT-w5si-author-1.json	10	session temp path	/tmp/<scratchpad>		reading, edited as text: an author's result of 27 September 2026, recovered; the tree, scratch folder or run it read no longer exists, so no tool can take the same reading again
v2/docs/records/w5si/recovery/RESULT-w5si-author-1.json	11	session temp path	/tmp/<scratchpad>		reading, edited as text: an author's result of 27 September 2026, recovered; the tree, scratch folder or run it read no longer exists, so no tool can take the same reading again
v2/docs/records/w5si/recovery/RESULT-w5si-author-1.json	12	session temp path	/tmp/<scratchpad>		reading, edited as text: an author's result of 27 September 2026, recovered; the tree, scratch folder or run it read no longer exists, so no tool can take the same reading again
v2/docs/records/w5si/recovery/RESULT-w5si-author-1.json	12	session temp path	/tmp/<scratchpad>		reading, edited as text: an author's result of 27 September 2026, recovered; the tree, scratch folder or run it read no longer exists, so no tool can take the same reading again
v2/docs/records/w5si/recovery/RESULT-w5si-author-1.json	13	session temp path	/tmp/<scratchpad>		reading, edited as text: an author's result of 27 September 2026, recovered; the tree, scratch folder or run it read no longer exists, so no tool can take the same reading again
v2/docs/records/w5si/recovery/RESULT-w5si-author-1.json	16	session temp path	/tmp/<scratchpad>		reading, edited as text: an author's result of 27 September 2026, recovered; the tree, scratch folder or run it read no longer exists, so no tool can take the same reading again
v2/docs/records/w5si/recovery/RESULT-w5si-author-1.json	17	session temp path	/tmp/<scratchpad>		reading, edited as text: an author's result of 27 September 2026, recovered; the tree, scratch folder or run it read no longer exists, so no tool can take the same reading again
v2/docs/records/w5si/recovery/RESULT-w5si-author-1.json	18	session temp path	/tmp/<scratchpad>		reading, edited as text: an author's result of 27 September 2026, recovered; the tree, scratch folder or run it read no longer exists, so no tool can take the same reading again
v2/docs/records/w5si/recovery/RESULT-w5si-author-1.json	19	session temp path	/tmp/<scratchpad>		reading, edited as text: an author's result of 27 September 2026, recovered; the tree, scratch folder or run it read no longer exists, so no tool can take the same reading again
v2/docs/records/w5si/recovery/RESULT-w5si-author-1.json	20	session temp path	/tmp/<scratchpad>		reading, edited as text: an author's result of 27 September 2026, recovered; the tree, scratch folder or run it read no longer exists, so no tool can take the same reading again
v2/docs/records/w5si/recovery/replay.py	6	runner path prefix	<worktrees>		script comment or docstring
v2/docs/records/w5si/recovery/replay.py	29	runner path prefix	derived: $W5SI_RECOVERED, default under $WORKTREES		script: the path is derived
v2/docs/records/w5si/recovery/replay.py	30	session temp path	derived: read from the transcript's own commands		script: the path is derived
v2/docs/records/w5tray/pass1/RESULT-w5tray-author-1.json	4	session temp path	/tmp/<scratchpad>		reading, edited as text: an author's result of 27 September 2026, recovered; the tree, scratch folder or run it read no longer exists, so no tool can take the same reading again
v2/docs/records/w5tray/pass1/RESULT-w5tray-author-1.json	5	session temp path	/tmp/<scratchpad>		reading, edited as text: an author's result of 27 September 2026, recovered; the tree, scratch folder or run it read no longer exists, so no tool can take the same reading again
v2/docs/records/w5tray/pass1/RESULT-w5tray-author-1.json	6	session temp path	/tmp/<scratchpad>		reading, edited as text: an author's result of 27 September 2026, recovered; the tree, scratch folder or run it read no longer exists, so no tool can take the same reading again
v2/docs/records/w5tray/pass1/RESULT-w5tray-author-1.json	7	session temp path	/tmp/<scratchpad>		reading, edited as text: an author's result of 27 September 2026, recovered; the tree, scratch folder or run it read no longer exists, so no tool can take the same reading again
v2/docs/records/w5tray/pass1/RESULT-w5tray-author-1.json	8	session temp path	/tmp/<scratchpad>		reading, edited as text: an author's result of 27 September 2026, recovered; the tree, scratch folder or run it read no longer exists, so no tool can take the same reading again
v2/docs/records/w5tray/pass1/RESULT-w5tray-author-1.json	9	session temp path	/tmp/<scratchpad>		reading, edited as text: an author's result of 27 September 2026, recovered; the tree, scratch folder or run it read no longer exists, so no tool can take the same reading again
v2/docs/records/w5tray/pass1/RESULT-w5tray-author-1.json	10	session temp path	/tmp/<scratchpad>		reading, edited as text: an author's result of 27 September 2026, recovered; the tree, scratch folder or run it read no longer exists, so no tool can take the same reading again
v2/docs/records/w5tray/pass1/RESULT-w5tray-author-1.json	11	session temp path	/tmp/<scratchpad>		reading, edited as text: an author's result of 27 September 2026, recovered; the tree, scratch folder or run it read no longer exists, so no tool can take the same reading again
v2/docs/records/w5tray/pass1/RESULT-w5tray-author-1.json	12	session temp path	/tmp/<scratchpad>		reading, edited as text: an author's result of 27 September 2026, recovered; the tree, scratch folder or run it read no longer exists, so no tool can take the same reading again
v2/docs/records/w5tray/pass1/RESULT-w5tray-author-1.json	13	session temp path	/tmp/<scratchpad>		reading, edited as text: an author's result of 27 September 2026, recovered; the tree, scratch folder or run it read no longer exists, so no tool can take the same reading again
v2/docs/records/w5tray/pass1/RESULT-w5tray-author-1.json	14	session temp path	/tmp/<scratchpad>		reading, edited as text: an author's result of 27 September 2026, recovered; the tree, scratch folder or run it read no longer exists, so no tool can take the same reading again
v2/docs/records/w5tray/pass1/RESULT-w5tray-author-1.json	15	session temp path	/tmp/<scratchpad>		reading, edited as text: an author's result of 27 September 2026, recovered; the tree, scratch folder or run it read no longer exists, so no tool can take the same reading again
v2/docs/records/w5tray/pass1/RESULT-w5tray-author-1.json	16	session temp path	/tmp/<scratchpad>		reading, edited as text: an author's result of 27 September 2026, recovered; the tree, scratch folder or run it read no longer exists, so no tool can take the same reading again
v2/docs/records/w5tray/pass1/RESULT-w5tray-author-1.json	17	session temp path	/tmp/<scratchpad>		reading, edited as text: an author's result of 27 September 2026, recovered; the tree, scratch folder or run it read no longer exists, so no tool can take the same reading again
v2/docs/records/w5tray/pass1/RESULT-w5tray-author-1.json	18	session temp path	/tmp/<scratchpad>		reading, edited as text: an author's result of 27 September 2026, recovered; the tree, scratch folder or run it read no longer exists, so no tool can take the same reading again
v2/docs/records/w5tray/pass1/RESULT-w5tray-author-1.json	19	session temp path	/tmp/<scratchpad>		reading, edited as text: an author's result of 27 September 2026, recovered; the tree, scratch folder or run it read no longer exists, so no tool can take the same reading again
v2/docs/records/w5tray/pass1/RESULT-w5tray-author-1.json	20	session temp path	/tmp/<scratchpad>		reading, edited as text: an author's result of 27 September 2026, recovered; the tree, scratch folder or run it read no longer exists, so no tool can take the same reading again
v2/docs/records/w5tray/pass1/RESULT-w5tray-author-1.json	21	session temp path	/tmp/<scratchpad>		reading, edited as text: an author's result of 27 September 2026, recovered; the tree, scratch folder or run it read no longer exists, so no tool can take the same reading again
v2/docs/records/w5tray/pass1/RESULT-w5tray-author-1.json	22	session temp path	/tmp/<scratchpad>		reading, edited as text: an author's result of 27 September 2026, recovered; the tree, scratch folder or run it read no longer exists, so no tool can take the same reading again
v2/docs/records/w5tray/pass1/RESULT-w5tray-author-1.json	23	session temp path	/tmp/<scratchpad>		reading, edited as text: an author's result of 27 September 2026, recovered; the tree, scratch folder or run it read no longer exists, so no tool can take the same reading again
v2/docs/records/w5tray/pass1/RESULT-w5tray-author-1.json	24	session temp path	/tmp/<scratchpad>		reading, edited as text: an author's result of 27 September 2026, recovered; the tree, scratch folder or run it read no longer exists, so no tool can take the same reading again
v2/docs/records/w5tray/pass1/RESULT-w5tray-author-1.json	25	session temp path	/tmp/<scratchpad>		reading, edited as text: an author's result of 27 September 2026, recovered; the tree, scratch folder or run it read no longer exists, so no tool can take the same reading again
v2/docs/records/w5tray/pass1/RESULT-w5tray-author-1.json	26	session temp path	/tmp/<scratchpad>		reading, edited as text: an author's result of 27 September 2026, recovered; the tree, scratch folder or run it read no longer exists, so no tool can take the same reading again
v2/docs/records/w5tray/pass1/RESULT-w5tray-author-1.json	27	session temp path	/tmp/<scratchpad>		reading, edited as text: an author's result of 27 September 2026, recovered; the tree, scratch folder or run it read no longer exists, so no tool can take the same reading again
v2/docs/records/w5tray/pass1/RESULT-w5tray-author-1.json	28	session temp path	/tmp/<scratchpad>		reading, edited as text: an author's result of 27 September 2026, recovered; the tree, scratch folder or run it read no longer exists, so no tool can take the same reading again
v2/docs/records/w5tray/pass1/RESULT-w5tray-author-1.json	29	session temp path	/tmp/<scratchpad>		reading, edited as text: an author's result of 27 September 2026, recovered; the tree, scratch folder or run it read no longer exists, so no tool can take the same reading again
v2/docs/records/w5tray/pass1/RESULT-w5tray-author-1.json	30	session temp path	/tmp/<scratchpad>		reading, edited as text: an author's result of 27 September 2026, recovered; the tree, scratch folder or run it read no longer exists, so no tool can take the same reading again
v2/docs/records/w5tray/pass1/RESULT-w5tray-author-1.json	31	session temp path	/tmp/<scratchpad>		reading, edited as text: an author's result of 27 September 2026, recovered; the tree, scratch folder or run it read no longer exists, so no tool can take the same reading again
v2/docs/records/w5tray/pass1/RESULT-w5tray-author-1.json	32	session temp path	/tmp/<scratchpad>		reading, edited as text: an author's result of 27 September 2026, recovered; the tree, scratch folder or run it read no longer exists, so no tool can take the same reading again
v2/docs/records/w5tray/pass1/RESULT-w5tray-author-1.json	33	session temp path	/tmp/<scratchpad>		reading, edited as text: an author's result of 27 September 2026, recovered; the tree, scratch folder or run it read no longer exists, so no tool can take the same reading again
v2/docs/records/w5tray/pass1/RESULT-w5tray-author-1.json	34	session temp path	/tmp/<scratchpad>		reading, edited as text: an author's result of 27 September 2026, recovered; the tree, scratch folder or run it read no longer exists, so no tool can take the same reading again
v2/docs/records/w5tray/pass1/RESULT-w5tray-author-1.json	37	session temp path	/tmp/<scratchpad>		reading, edited as text: an author's result of 27 September 2026, recovered; the tree, scratch folder or run it read no longer exists, so no tool can take the same reading again
v2/docs/records/w5tray/pass1/RESULT-w5tray-author-1.json	38	session temp path	/tmp/<scratchpad>		reading, edited as text: an author's result of 27 September 2026, recovered; the tree, scratch folder or run it read no longer exists, so no tool can take the same reading again
v2/docs/records/w5tray/pass1/RESULT-w5tray-author-1.json	39	session temp path	/tmp/<scratchpad>		reading, edited as text: an author's result of 27 September 2026, recovered; the tree, scratch folder or run it read no longer exists, so no tool can take the same reading again
v2/docs/records/w5tray/recovery/replay.py	6	session temp path	derived: read from the transcript's own commands		script: the path is derived
v2/docs/respin-footprints-2026-09-04.md	3	laptop host name	on the laptop		live document
v2/ecad/pcb-c-display-c8/routed/doc_provenance_c.verdict.json	13	session temp path	/tmp/<scratchpad>		reading, edited as text: a re-take by the tool would read this tree instead of the one recorded and would move DOC-002's evidence class on the board (a new engineering reading, not a redaction); the recorded input path keeps its temporary root, so rules_status.py still classes the reading as before
v2/ecad/pcb-c-display-c8/routed/ledger_verify.verdict.json	14	runner path prefix	<repo>		reading, edited as text: a re-take by the tool would read this tree instead of the one recorded and would move DOC-002's evidence class on the board (a new engineering reading, not a redaction); the recorded input path was never under a temporary directory, so rules_status.py still classes the reading as before
v2/ecad/pcb-e5-block/routed/doc_provenance_e5.verdict.json	13	session temp path	/tmp/<scratchpad>		reading, edited as text: a re-take by the tool would read this tree instead of the one recorded and would move DOC-002's evidence class on the board (a new engineering reading, not a redaction); the recorded input path keeps its temporary root, so rules_status.py still classes the reading as before
v2/ecad/pcb-e5-block/routed/ledger_verify.verdict.json	14	runner path prefix	<repo>		reading, edited as text: a re-take by the tool would read this tree instead of the one recorded and would move DOC-002's evidence class on the board (a new engineering reading, not a redaction); the recorded input path was never under a temporary directory, so rules_status.py still classes the reading as before
v2/ecad/pcb-p-pack-p2/routed/doc_provenance_p.verdict.json	13	session temp path	/tmp/<scratchpad>		reading, edited as text: a re-take by the tool would read this tree instead of the one recorded and would move DOC-002's evidence class on the board (a new engineering reading, not a redaction); the recorded input path keeps its temporary root, so rules_status.py still classes the reading as before
v2/ecad/pcb-p-pack-p2/routed/ledger_verify.verdict.json	14	runner path prefix	<repo>		reading, edited as text: a re-take by the tool would read this tree instead of the one recorded and would move DOC-002's evidence class on the board (a new engineering reading, not a redaction); the recorded input path was never under a temporary directory, so rules_status.py still classes the reading as before
v2/release/revA/order/ORDER-LOG.md	606	laptop host name	(	the sentence already names the laptop session; the name is dropped	live document
v2/release/revA/order/ORDER-LOG.md	623	laptop host name	on the laptop		live document
v2/vendor/aioc/aioc-net.xml	4	laptop user path	<laptop home>		live document
