Designator,Mid X,Mid Y,Layer,Rotation
C7,-157.675000mm,-57.155000mm,Top,0.000000
C13,-123.395000mm,6.895000mm,Top,0.000000
C14,-127.825000mm,6.645000mm,Top,0.000000
C15,-124.480000mm,11.775000mm,Top,0.000000
C38,-148.000000mm,-24.200000mm,Top,0.000000
C39,-155.685000mm,-31.355000mm,Top,0.000000
C40,-147.265000mm,-31.355000mm,Top,0.000000
C41,-159.895000mm,-34.065000mm,Top,0.000000
C42,-159.075000mm,-14.225000mm,Top,0.000000
C43,-159.075000mm,-18.675000mm,Top,0.000000
C44,-159.895000mm,-22.255000mm,Top,0.000000
C45,-139.075000mm,-2.225000mm,Top,0.000000
C46,-133.225000mm,-2.225000mm,Top,0.000000
C47,-139.075000mm,-6.675000mm,Top,0.000000
C48,-133.225000mm,-6.675000mm,Top,0.000000
C49,-139.075000mm,-11.125000mm,Top,0.000000
C50,-157.075000mm,-53.775000mm,Top,0.000000
C51,-61.075000mm,-48.225000mm,Top,0.000000
C52,-55.225000mm,-48.225000mm,Top,0.000000
C53,-49.375000mm,-48.225000mm,Top,0.000000
C54,-43.525000mm,-48.225000mm,Top,0.000000
C55,-37.675000mm,-48.225000mm,Top,0.000000
C56,-61.075000mm,-52.675000mm,Top,0.000000
C57,-55.225000mm,-52.675000mm,Top,0.000000
C58,-61.075000mm,-63.225000mm,Top,0.000000
C59,-55.225000mm,-63.225000mm,Top,0.000000
C60,-49.375000mm,-63.225000mm,Top,0.000000
C61,-44.125000mm,-62.605000mm,Top,0.000000
C62,-39.475000mm,-62.605000mm,Top,0.000000
C63,-50.195000mm,-51.805000mm,Top,0.000000
C64,-61.895000mm,-66.805000mm,Top,0.000000
C65,-34.825000mm,-62.605000mm,Top,0.000000
C66,-57.685000mm,-66.805000mm,Top,0.000000
C67,-53.475000mm,-66.805000mm,Top,0.000000
C68,-127.735000mm,-57.355000mm,Top,0.000000
C69,-147.895000mm,-62.465000mm,Top,0.000000
C70,-133.225000mm,-11.125000mm,Top,0.000000
C71,-116.000000mm,-24.200000mm,Top,0.000000
C72,-123.685000mm,-31.355000mm,Top,0.000000
C73,-115.265000mm,-31.355000mm,Top,0.000000
C74,-127.895000mm,-34.065000mm,Top,0.000000
C75,-127.075000mm,-14.225000mm,Top,0.000000
C76,-127.075000mm,-18.675000mm,Top,0.000000
C77,-127.895000mm,-22.255000mm,Top,0.000000
C78,-107.075000mm,-2.225000mm,Top,0.000000
C79,-101.225000mm,-2.225000mm,Top,0.000000
C80,-107.075000mm,-6.675000mm,Top,0.000000
C81,-101.225000mm,-6.675000mm,Top,0.000000
C82,-107.075000mm,-11.125000mm,Top,0.000000
C83,-101.225000mm,-11.125000mm,Top,0.000000
C84,-84.000000mm,-24.200000mm,Top,0.000000
C85,-91.685000mm,-31.355000mm,Top,0.000000
C86,-83.265000mm,-31.355000mm,Top,0.000000
C87,-95.895000mm,-34.065000mm,Top,0.000000
C88,-95.075000mm,-14.225000mm,Top,0.000000
C89,-95.075000mm,-18.675000mm,Top,0.000000
C90,-95.895000mm,-22.255000mm,Top,0.000000
C91,-75.075000mm,-2.225000mm,Top,0.000000
C92,-69.225000mm,-2.225000mm,Top,0.000000
C93,-75.075000mm,-6.675000mm,Top,0.000000
C94,-69.225000mm,-6.675000mm,Top,0.000000
C95,-139.075000mm,-15.125000mm,Top,0.000000
C96,-107.075000mm,-15.125000mm,Top,0.000000
C97,-75.075000mm,-10.675000mm,Top,0.000000
C98,-146.785000mm,15.645000mm,Top,0.000000
C99,-124.745000mm,32.645000mm,Top,0.000000
C100,-131.895000mm,24.785000mm,Top,0.000000
C101,-133.075000mm,6.025000mm,Top,0.000000
C104,-83.015000mm,35.620000mm,Top,0.000000
C105,-101.895000mm,32.110000mm,Top,0.000000
C106,-95.865000mm,35.370000mm,Top,0.000000
C107,-51.870000mm,75.645000mm,Top,0.000000
C108,-42.145000mm,33.645000mm,Top,0.000000
D2,-131.680000mm,11.125000mm,Top,0.000000
F2,-79.960000mm,-44.300000mm,Top,0.000000
F3,-154.960000mm,-44.300000mm,Top,0.000000
F4,-129.960000mm,-44.300000mm,Top,0.000000
F5,-104.960000mm,-44.300000mm,Top,0.000000
F6,-130.425000mm,31.425000mm,Top,0.000000
J_5V_M1,-151.757500mm,44.550000mm,Top,0.000000
J_5V_M2,-136.757500mm,44.550000mm,Top,0.000000
J_5V_PI,-121.757500mm,44.550000mm,Top,0.000000
J_AB1,-82.160000mm,-73.752500mm,Top,0.000000
J_HEAT,-159.525000mm,26.750000mm,Top,90.000000
J_LEDS1,-49.250000mm,-73.475000mm,Top,0.000000
J_MAINSW,-159.525000mm,6.750000mm,Top,90.000000
J_MEZZ1,-8.752500mm,16.890000mm,Top,270.000000
J_MEZZ_PWR1,-8.550000mm,-19.757500mm,Top,90.000000
J_RF1,-100.000000mm,-56.000000mm,Top,0.000000
J_RF2,-84.000000mm,-56.000000mm,Top,0.000000
J_RF3,-26.000000mm,-56.000000mm,Top,0.000000
J_RF4,-12.000000mm,-56.000000mm,Top,0.000000
J_RF5,70.000000mm,-74.000000mm,Top,0.000000
J_RF6,92.000000mm,-74.000000mm,Top,0.000000
J_RF7,107.000000mm,-54.000000mm,Top,0.000000
J_WALL1,-150.010000mm,65.500000mm,Top,-90.000000
Q5,-151.445000mm,14.675000mm,Top,180.000000
R18,-125.475000mm,2.445000mm,Top,0.000000
R34,-47.660000mm,75.645000mm,Top,0.000000
R35,-43.450000mm,75.645000mm,Top,0.000000
R36,-39.240000mm,75.645000mm,Top,0.000000
R37,-35.030000mm,75.645000mm,Top,0.000000
R38,-101.895000mm,62.895000mm,Top,0.000000
R39,-14.395000mm,-25.355000mm,Top,0.000000
R44,-151.475000mm,-31.355000mm,Top,0.000000
R47,-155.685000mm,-34.065000mm,Top,0.000000
R48,-151.475000mm,-34.065000mm,Top,0.000000
R51,-145.545000mm,-58.555000mm,Top,0.000000
R52,-120.000000mm,-60.000000mm,Top,0.000000
R53,-45.985000mm,-51.805000mm,Top,0.000000
R54,-41.775000mm,-51.805000mm,Top,0.000000
R55,-37.565000mm,-51.805000mm,Top,0.000000
R56,-33.355000mm,-51.805000mm,Top,0.000000
R57,-61.895000mm,-56.255000mm,Top,0.000000
R58,-57.685000mm,-56.255000mm,Top,0.000000
R59,-49.265000mm,-66.805000mm,Top,0.000000
R60,-45.055000mm,-66.805000mm,Top,0.000000
R61,-119.475000mm,-31.355000mm,Top,0.000000
R62,-123.685000mm,-34.065000mm,Top,0.000000
R63,-119.475000mm,-34.065000mm,Top,0.000000
R64,-87.475000mm,-31.355000mm,Top,0.000000
R65,-91.685000mm,-34.065000mm,Top,0.000000
R66,-87.475000mm,-34.065000mm,Top,0.000000
R67,-142.575000mm,15.645000mm,Top,0.000000
R68,-138.365000mm,15.645000mm,Top,0.000000
R69,-134.155000mm,15.645000mm,Top,0.000000
R70,-151.895000mm,10.995000mm,Top,0.000000
R71,-131.895000mm,27.495000mm,Top,0.000000
R72,-127.685000mm,27.495000mm,Top,0.000000
R73,-123.475000mm,27.495000mm,Top,0.000000
R74,-133.895000mm,2.445000mm,Top,0.000000
R75,-129.685000mm,2.445000mm,Top,0.000000
R76,-91.435000mm,35.620000mm,Top,0.000000
R77,-87.225000mm,35.620000mm,Top,0.000000
R78,-101.095000mm,35.220000mm,Top,0.000000
U5,-150.000000mm,3.912500mm,Top,270.000000
U19,-97.550000mm,70.625000mm,Top,270.000000
U20,-49.880000mm,-58.000000mm,Top,0.000000
U21,-112.000000mm,-60.082500mm,Top,0.000000
U22,-147.880000mm,-20.000000mm,Top,0.000000
U23,-115.880000mm,-20.000000mm,Top,0.000000
U24,-83.880000mm,-20.000000mm,Top,0.000000
U25,-150.000000mm,18.922500mm,Top,0.000000
U26,-140.000000mm,27.942500mm,Top,0.000000
U28,-84.225000mm,42.500000mm,Top,270.000000
U29,-91.175000mm,40.920000mm,Top,270.000000
U30,-99.725000mm,40.900000mm,Top,270.000000
U31,-44.812500mm,41.000000mm,Top,270.000000
